,slp,intp,pvalue,pvalue_d,n,chg,chg_r,init,last
01-01,0.011225666666666658,-21.908256333333316,0.23601041334390294,0.0,37.0,0.472,0.595,0.307,0.779
01-02,0.011789633620689645,-23.062798340517222,0.21515988319619161,0.0,37.0,0.495,0.637,0.269,0.764
01-03,0.01183731182795699,-23.15801172043011,0.1956706219250084,0.0,37.0,0.497,0.649,0.268,0.765
01-04,0.011757976190476188,-22.99957845238095,0.20524714408164568,0.0,37.0,0.494,0.655,0.269,0.763
01-05,0.011910653357531758,-23.332774754990922,0.20524714408164568,0.0,37.0,0.501,0.676,0.238,0.739
01-06,0.01182003759398496,-23.151815075187965,0.186425775893321,0.0,37.0,0.496,0.678,0.24,0.736
01-07,0.011319999999999997,-22.153239999999993,0.1689113395241173,0.0,37.0,0.475,0.66,0.249,0.724
01-08,0.011191363636363635,-21.896353181818178,0.1956706219250084,0.0,37.0,0.47,0.66,0.251,0.721
01-09,0.01141758620689655,-22.34811965517241,0.1689113395241173,0.0,37.0,0.48,0.683,0.247,0.727
01-10,0.010519407894736842,-20.554457565789473,0.1689113395241173,0.0,37.0,0.442,0.636,0.263,0.705
01-11,0.011607879310344826,-22.747944982758618,0.1449961562134987,0.0,37.0,0.488,0.715,0.224,0.712
01-12,0.010448657894736842,-20.427319815789474,0.1689113395241173,0.0,37.0,0.438,0.653,0.251,0.689
01-13,0.009710784313725487,-18.953786274509795,0.17750773887281412,0.0,37.0,0.408,0.618,0.264,0.672
01-14,0.009958409313725493,-19.45678339950981,0.17750773887281412,0.0,37.0,0.418,0.642,0.251,0.669
01-15,0.009710784313725485,-18.967936274509793,0.17750773887281412,0.0,37.0,0.408,0.639,0.25,0.658
01-16,0.009585590643274852,-18.71792451461988,0.186425775893321,0.0,37.0,0.403,0.641,0.252,0.655
01-17,0.010249831932773106,-20.044414369747894,0.1449961562134987,0.0,37.0,0.43,0.695,0.24,0.67
01-18,0.009805117647058822,-19.170469941176467,0.16063112444447003,0.0,37.0,0.412,0.673,0.234,0.646
01-19,0.009858180147058823,-19.276435753676466,0.16063112444447003,0.0,37.0,0.414,0.685,0.233,0.647
01-20,0.009103166666666664,-17.77433383333333,0.15266138035243015,0.0,37.0,0.382,0.638,0.241,0.623
01-21,0.009904999999999987,-19.381254999999975,0.13762928522835538,0.0,37.0,0.416,0.699,0.221,0.637
01-22,0.010548181818181821,-20.668519090909097,0.13055440660892748,0.0,37.0,0.443,0.749,0.206,0.649
01-23,0.010722284482758618,-21.01620211206896,0.1110156560699953,0.0,37.0,0.451,0.768,0.203,0.654
01-24,0.009763500000000001,-19.101509500000002,0.1110156560699953,0.0,37.0,0.411,0.704,0.22,0.631
01-25,0.010258749999999997,-20.090523749999996,0.10504200372059169,0.0,37.0,0.43,0.744,0.212,0.642
01-26,0.010528221003134797,-20.634317343260193,0.09386166319420308,1.0,37.0,0.442,0.772,0.201,0.643
01-27,0.01038184169278997,-20.350487860501573,0.09386166319420308,1.0,37.0,0.436,0.77,0.195,0.631
01-28,0.010128054187192117,-19.84650421182266,0.09932636867264089,1.0,37.0,0.425,0.759,0.197,0.622
01-29,0.010147571428571431,-19.89114014285715,0.10504200372059169,0.0,37.0,0.426,0.771,0.191,0.617
01-30,0.00973910344827586,-19.078259586206894,0.1110156560699953,0.0,37.0,0.409,0.753,0.195,0.604
01-31,0.009547183908045974,-18.69782626436781,0.1172543419784362,0.0,37.0,0.401,0.749,0.196,0.597
02-01,0.009103166666666667,-17.811123833333337,0.1110156560699953,0.0,37.0,0.382,0.726,0.204,0.586
02-02,0.008888772727272728,-17.382979136363637,0.1110156560699953,0.0,37.0,0.373,0.718,0.208,0.581
02-03,0.008477136363636364,-16.56094131818182,0.13762928522835538,0.0,37.0,0.356,0.692,0.215,0.571
02-04,0.007585972222222221,-14.786946527777777,0.13762928522835538,0.0,37.0,0.318,0.624,0.226,0.544
02-05,0.007310833333333338,-14.248814166666676,0.13762928522835538,0.0,37.0,0.307,0.606,0.219,0.526
02-06,0.006698202651515151,-13.036710695075758,0.1449961562134987,0.0,37.0,0.281,0.563,0.219,0.5
02-07,0.006862749999999999,-13.365311749999998,0.13762928522835538,0.0,37.0,0.288,0.583,0.216,0.504
02-08,0.006791999999999998,-13.224023999999995,0.1449961562134987,0.0,37.0,0.286,0.586,0.217,0.503
02-09,0.006570804597701148,-12.782296781609192,0.15266138035243015,0.0,37.0,0.276,0.572,0.221,0.497
02-10,0.006603333333333329,-12.84725666666666,0.13762928522835538,0.0,37.0,0.277,0.578,0.221,0.498
02-11,0.007374615530303026,-14.387507214015143,0.13055440660892748,0.0,37.0,0.31,0.644,0.207,0.517
02-12,0.007216499999999999,-14.071750499999998,0.13055440660892748,0.0,37.0,0.303,0.626,0.21,0.513
02-13,0.008220476190476188,-16.076690952380947,0.12376498707129491,0.0,37.0,0.345,0.713,0.192,0.537
02-14,0.008442949507389167,-16.520970166256166,0.12376498707129491,0.0,37.0,0.354,0.728,0.188,0.542
02-15,0.008118057142857155,-15.872160114285737,0.13762928522835538,0.0,37.0,0.341,0.7,0.193,0.534
02-16,0.007941077586206895,-15.518731939655169,0.1449961562134987,0.0,37.0,0.333,0.685,0.197,0.53
02-17,0.008156885416666666,-15.949700177083331,0.16063112444447003,0.0,37.0,0.342,0.705,0.193,0.535
02-18,0.007590987068965525,-14.819601176724152,0.15266138035243015,0.0,37.0,0.319,0.657,0.203,0.522
02-19,0.00705060344827586,-13.740455086206891,0.17750773887281412,0.0,37.0,0.296,0.613,0.213,0.509
02-20,0.006862749999999999,-13.337011749999999,0.1956706219250084,0.0,37.0,0.289,0.596,0.244,0.533
02-21,0.006730438311688307,-13.07278530844155,0.1956706219250084,0.0,37.0,0.282,0.576,0.247,0.529
02-22,0.004863715686274509,-9.316640225490193,0.36145300334070685,0.0,37.0,0.204,0.397,0.309,0.513
02-23,0.0037918087557603673,-7.176042085253454,0.5765325919333777,0.0,37.0,0.159,0.282,0.328,0.487
02-24,0.003318437037037037,-6.230718762962963,0.774848422162878,0.0,37.0,0.14,0.223,0.336,0.476
02-25,0.0032651124999999955,-6.152529662499991,0.8594521306883358,0.0,37.0,0.137,0.202,0.309,0.446
02-26,0.002914900000000057,-5.453155300000114,0.795791881562907,0.0,37.0,0.123,0.119,0.315,0.438
02-27,0.003125172043010756,-5.873068569892479,1.0,0.0,37.0,0.131,0.09,0.312,0.443
02-28,0.00313702376910017,-5.896736466893039,0.967405367717791,0.0,37.0,0.132,0.088,0.311,0.443
03-01,0.0028299999999999974,-5.255309999999995,1.0,0.0,37.0,0.119,0.08,0.345,0.464
03-02,0.0027049270114942506,-5.005539241954018,1.0,0.0,37.0,0.113,0.074,0.348,0.461
03-03,0.002713452688172043,-5.05086501827957,0.967405367717791,0.0,37.0,0.114,0.074,0.319,0.433
03-04,0.003511772727272722,-6.588510136363626,0.83810858978553,0.0,37.0,0.148,0.096,0.361,0.509
03-05,0.0040369117647058835,-7.608912794117649,0.774848422162878,0.0,37.0,0.17,0.111,0.38,0.55
03-06,0.0023920238095238113,-4.239171547619051,0.8594521306883358,0.0,37.0,0.1,0.066,0.495,0.595
03-07,0.002239574404761905,-3.9064300863095243,0.8594521306883358,0.0,37.0,0.094,0.063,0.526,0.62
03-08,0.002368044117647062,-4.1629841029411825,0.8168835068089899,0.0,37.0,0.1,0.068,0.523,0.623
03-09,0.0028299999999999914,-5.085509999999982,0.7540675143570155,0.0,37.0,0.119,0.081,0.515,0.634
03-10,0.005104884615384614,-9.685054576923076,0.8168835068089899,0.0,37.0,0.214,0.13,0.418,0.632
03-11,0.005094000000000005,-9.57841800000001,0.8594521306883358,0.0,37.0,0.214,0.118,0.503,0.717
03-12,0.006687559523809521,-12.760756369047613,0.7130491088889688,0.0,37.0,0.281,0.137,0.474,0.755
03-13,0.006603333333333333,-12.592556666666665,0.7130491088889688,0.0,37.0,0.278,0.103,0.475,0.753
03-14,0.01091369285714286,-21.20034463571429,0.4872648904642325,0.0,37.0,0.458,0.142,0.398,0.856
03-15,0.009433333333333339,-18.215766666666678,0.5580781774416292,0.0,37.0,0.396,0.1,0.453,0.849
03-16,0.009873399503722083,-19.094578808933,0.5220542678768723,0.0,37.0,0.415,0.095,0.445,0.86
03-17,0.010308275000000002,-19.963025175000002,0.5765325919333777,0.0,37.0,0.433,0.094,0.437,0.87
03-18,0.011065562037037038,-21.418727387962964,0.4537672973691913,0.0,37.0,0.465,0.099,0.48,0.945
03-19,0.011166809116809114,-21.6209178062678,0.3908282308519908,0.0,37.0,0.469,0.097,0.478,0.947
03-20,0.018218125,-35.67409562500001,0.6335534753768335,0.0,37.0,0.765,0.148,0.38,1.145
03-21,0.018819499999999996,-36.81844149999999,0.5220542678768723,0.0,37.0,0.791,0.146,0.425,1.216
03-22,0.014998999999999995,-29.160602999999988,0.6335534753768335,0.0,37.0,0.63,0.113,0.522,1.152
03-23,0.022140588235294127,-43.11105470588237,0.5765325919333777,0.0,37.0,0.93,0.159,0.705,1.635
03-24,0.018453958333333333,-35.720554791666665,0.5045014597713458,0.0,37.0,0.775,0.123,0.8,1.575
03-25,0.018086335784313727,-34.901512561274515,0.470351418087696,0.0,37.0,0.76,0.114,0.891,1.651
03-26,0.013506818181818193,-25.727915909090928,0.7540675143570155,0.0,37.0,0.567,0.079,1.002,1.569
03-27,0.014149999999999982,-26.842549999999964,0.7334631920155024,0.0,37.0,0.595,0.076,1.16,1.755
03-28,0.01661642361111111,-30.63599795138889,0.795791881562907,0.0,37.0,0.698,0.08,2.248,2.946
03-29,0.01739064685314685,-31.333121765734262,0.9891324349096959,0.0,37.0,0.73,0.073,3.083,3.813
03-30,0.02793017045454546,-51.757950397727285,0.8168835068089899,0.0,37.0,1.173,0.098,3.516,4.689
03-31,0.05259083333333332,-99.92989416666666,0.967405367717791,0.0,37.0,2.209,0.163,4.147,6.356
04-01,0.07864255555555555,-146.12538344444445,0.8808988697656468,0.0,37.0,3.303,0.209,9.508,12.811
04-02,0.06637725694444446,-122.14098211805558,0.9024333200095813,0.0,37.0,2.787,0.153,9.22,12.007
04-03,0.08442675585284276,-158.412231438127,0.9024333200095813,0.0,37.0,3.546,0.178,8.668,12.214
04-04,0.14211521739130434,-269.5974891304348,0.6728442148625922,0.0,37.0,5.968,0.276,11.649,17.617
04-05,0.25598636363636357,-495.073768181818,0.5580781774416292,0.0,37.0,10.752,0.454,11.523,22.275
04-06,0.21329710000000002,-407.84230870000005,0.8594521306883358,0.0,37.0,8.958,0.358,14.273,23.231
04-07,0.1914068253968254,-359.59943031746036,0.8808988697656468,0.0,37.0,8.039,0.302,19.195,27.234
04-08,0.18357293127629737,-343.53064375876585,0.6530785762864473,0.0,37.0,7.71,0.279,19.76,27.47
04-09,0.1913646,-358.21330620000003,0.6928385117296678,0.0,37.0,8.038,0.282,20.497,28.535
04-10,0.18756835714285716,-353.40560921428573,0.7130491088889688,0.0,37.0,7.878,0.273,17.792,25.67
04-11,0.2027695,-385.6017915,0.7130491088889688,0.0,37.0,8.516,0.292,15.679,24.195
04-12,0.20129068627450983,-383.3278004901961,0.6728442148625922,0.0,37.0,8.455,0.287,15.026,23.481
04-13,0.19019006211180123,-359.5184540372671,0.7540675143570155,0.0,37.0,7.988,0.265,16.868,24.856
04-14,0.1572222222222222,-290.2290777777777,0.6928385117296678,0.0,37.0,6.603,0.215,20.914,27.517
04-15,0.26468080357142854,-503.63526473214284,0.5220542678768723,0.0,37.0,11.117,0.355,20.168,31.285
04-16,0.2608906249999998,-496.9435781249996,0.470351418087696,0.0,37.0,10.957,0.348,19.359,30.316
04-17,0.273973275862069,-524.4846318965517,0.3908282308519908,0.0,37.0,11.507,0.362,17.708,29.215
04-18,0.32280659340659335,-619.6841670329669,0.294266104304963,0.0,37.0,13.558,0.416,19.15,32.708
04-19,0.3346689393939395,-644.2788719696972,0.2582511905140965,0.0,37.0,14.056,0.423,18.031,32.087
04-20,0.2934181318681318,-562.6085093406592,0.21515988319619161,0.0,37.0,12.324,0.366,18.066,30.39
04-21,0.23448571428571377,-443.6469714285704,0.20524714408164568,0.0,37.0,9.849,0.285,20.4,30.249
04-22,0.22026833333333332,-411.57586166666664,0.17750773887281412,0.0,37.0,9.251,0.262,24.335,33.586
04-23,0.2168641304347827,-405.8813684782611,0.1956706219250084,0.0,37.0,9.108,0.255,23.293,32.401
04-24,0.2041360139860141,-381.1991199300702,0.16063112444447003,0.0,37.0,8.574,0.238,22.786,31.36
04-25,0.26852840909090914,-510.2718329545456,0.186425775893321,0.0,37.0,11.278,0.309,21.146,32.424
04-26,0.24845041666666662,-466.72348208333324,0.186425775893321,0.0,37.0,10.435,0.285,24.96,35.395
04-27,0.21648145933014354,-398.07047428229663,0.20524714408164568,0.0,37.0,9.093,0.248,30.346,39.439
04-28,0.2212116666666667,-408.3656983333334,0.17750773887281412,0.0,37.0,9.291,0.256,29.412,38.703
04-29,0.22270869565217388,-411.35526521739126,0.1956706219250084,0.0,37.0,9.354,0.263,29.385,38.739
04-30,0.2966783333333334,-560.2046316666667,0.20524714408164568,0.0,37.0,12.46,0.354,26.922,39.382
05-01,0.25313798701298706,-474.38656006493517,0.16063112444447003,0.0,37.0,10.631,0.308,26.574,37.205
05-02,0.2938846153846154,-556.606576923077,0.16063112444447003,0.0,37.0,12.343,0.366,24.991,37.334
05-03,0.3181391666666667,-605.8919158333333,0.15266138035243015,0.0,37.0,13.362,0.406,23.705,37.067
05-04,0.3185322222222221,-607.5258477777776,0.1110156560699953,0.0,37.0,13.379,0.416,22.849,36.228
05-05,0.33629833333333337,-643.7122716666668,0.10504200372059169,0.0,37.0,14.125,0.45,21.822,35.947
05-06,0.34651777777777776,-665.3940022222222,0.13055440660892748,0.0,37.0,14.553,0.476,20.365,34.918
05-07,0.37261666666666693,-719.2963833333339,0.09932636867264089,1.0,37.0,15.65,0.528,18.112,33.762
05-08,0.40885638888888887,-793.5066086111111,0.1110156560699953,0.0,37.0,17.172,0.595,15.62,32.792
05-09,0.38912500000000005,-755.885925,0.08365644321423482,1.0,37.0,16.344,0.579,14.192,30.536
05-10,0.3867666666666666,-750.2141333333332,0.08864074661698318,1.0,37.0,16.244,0.587,15.197,31.441
05-11,0.35818573667711595,-694.7794161442006,0.08864074661698318,1.0,37.0,15.044,0.557,14.07,29.114
05-12,0.3009233333333333,-582.2658966666667,0.186425775893321,0.0,37.0,12.639,0.468,13.261,25.9
05-13,0.2511624999999999,-483.91231249999976,0.2582511905140965,0.0,37.0,10.549,0.387,13.138,23.687
05-14,0.18603088235294118,-351.38237205882353,0.3472987680371582,0.0,37.0,7.813,0.285,16.773,24.586
05-15,0.119601190476191,-217.36387738095343,0.36145300334070685,0.0,37.0,5.023,0.182,19.327,24.35
05-16,0.12204375000000003,-221.56246875000008,0.4060445067036338,0.0,37.0,5.126,0.183,19.962,25.088
05-17,0.1681352941176469,-314.2298823529409,0.3908282308519908,0.0,37.0,7.062,0.25,18.51,25.572
05-18,0.18297522222222223,-344.6859187777778,0.294266104304963,0.0,37.0,7.685,0.271,17.422,25.107
05-19,0.16412445054945063,-307.4654277472529,0.30698585474987405,0.0,37.0,6.893,0.24,17.337,24.23
05-20,0.18843083333333333,-355.89207416666665,0.30698585474987405,0.0,37.0,7.914,0.273,17.013,24.927
05-21,0.16524396284829718,-309.81429380804946,0.3472987680371582,0.0,37.0,6.94,0.239,17.204,24.144
05-22,0.149401948051948,-278.4890902597402,0.33350230153390603,0.0,37.0,6.275,0.216,17.177,23.452
05-23,0.10598627450980397,-192.43889019607855,0.3472987680371582,0.0,37.0,4.451,0.153,17.308,21.759
05-24,0.13442499999999952,-250.08002499999904,0.23601041334390294,0.0,37.0,5.646,0.198,15.947,21.593
05-25,0.1305927083333333,-243.6721385416666,0.30698585474987405,0.0,37.0,5.485,0.194,14.771,20.256
05-26,0.11738413978494619,-218.34172715053754,0.3200645361580008,0.0,37.0,4.931,0.175,13.961,18.892
05-27,0.18748749999999992,-358.5362374999998,0.22541303195972806,0.0,37.0,7.874,0.283,12.502,20.376
05-28,0.22255928571428568,-428.06519357142855,0.16063112444447003,0.0,37.0,9.347,0.342,12.38,21.727
05-29,0.26543041666666667,-513.7354420833333,0.1172543419784362,0.0,37.0,11.148,0.416,11.551,22.699
05-30,0.27051470588235293,-524.1434676470587,0.12376498707129491,0.0,37.0,11.362,0.434,11.205,22.567
05-31,0.2971499999999999,-577.8435499999998,0.1449961562134987,0.0,37.0,12.481,0.483,10.216,22.697
06-01,0.2944486363636364,-570.6377268181819,0.13055440660892748,0.0,37.0,12.367,0.485,12.076,24.443
06-02,0.2903032258064518,-561.7933419354842,0.13762928522835538,0.0,37.0,12.192,0.488,12.717,24.909
06-03,0.2750577419354839,-532.0839106451613,0.13055440660892748,0.0,37.0,11.553,0.473,12.255,23.808
06-04,0.25662035714285714,-496.3681532142857,0.13762928522835538,0.0,37.0,10.778,0.454,11.484,22.262
06-05,0.24735547619047615,-479.1962859523809,0.12376498707129491,0.0,37.0,10.389,0.452,10.32,20.709
06-06,0.22810525641025636,-442.19689705128195,0.1172543419784362,0.0,37.0,9.581,0.429,9.223,18.804
06-07,0.23987619047619052,-465.95815238095247,0.12376498707129491,0.0,37.0,10.075,0.456,8.757,18.832
06-08,0.3090988888888888,-604.988281111111,0.08365644321423482,1.0,37.0,12.983,0.588,6.718,19.701
06-09,0.39062575757575724,-766.3541378787872,0.10504200372059169,0.0,37.0,16.407,0.732,6.694,23.101
06-10,0.45300214285714285,-881.5807792857142,0.08365644321423482,1.0,37.0,19.027,0.813,14.91,33.937
06-11,0.40799166666666675,-793.1664583333335,0.10504200372059169,0.0,37.0,17.136,0.719,14.249,31.385
06-12,0.43844785714285717,-855.6288707142858,0.06203262229447826,1.0,37.0,18.415,0.763,12.059,30.474
06-13,0.46791040723981897,-916.4465832579184,0.0789015593829665,1.0,37.0,19.652,0.764,9.548,29.2
06-14,0.5789014705882354,-1139.623936764706,0.04240604327828201,2.0,37.0,24.314,0.883,6.022,30.336
06-15,0.6066812500000001,-1195.9491562500002,0.03247777495561954,2.0,37.0,25.481,0.874,4.673,30.154
06-16,0.5674894736842118,-1112.617478947371,0.04826478343874108,2.0,37.0,23.835,0.79,10.444,34.279
06-17,0.5647136363636365,-1106.7345318181822,0.039709797346107356,2.0,37.0,23.718,0.794,10.834,34.552
06-18,0.6530225,-1283.9646324999999,0.026404804618867628,2.0,37.0,27.427,0.941,8.367,35.794
06-19,0.6455665384615384,-1269.7259773076921,0.019849908135755934,2.0,37.0,27.114,0.967,7.85,34.964
06-20,0.6647130952380953,-1309.3200511904763,0.021339057559387697,2.0,37.0,27.918,1.038,6.147,34.065
06-21,0.6488785714285712,-1276.1986071428566,0.03247777495561954,2.0,37.0,27.253,1.041,7.932,35.185
06-22,0.5800320833333332,-1136.5613704166665,0.05478895941944817,1.0,37.0,24.361,0.957,11.322,35.683
06-23,0.5761788709677418,-1128.5552053225804,0.04826478343874108,2.0,37.0,24.199,0.965,11.703,35.902
06-24,0.5061417763157894,-988.1534273026314,0.04826478343874108,2.0,37.0,21.258,0.872,13.501,34.759
06-25,0.5459995192307692,-1069.249239903846,0.07005128462163257,1.0,37.0,22.932,0.964,11.284,34.216
06-26,0.39620000000000016,-770.4675000000003,0.1172543419784362,0.0,37.0,16.641,0.7,13.612,30.253
06-27,0.35640312500000004,-692.0685406250001,0.13762928522835538,0.0,37.0,14.969,0.635,13.253,28.222
06-28,0.31493857142857157,-610.3675271428574,0.20524714408164568,0.0,37.0,13.227,0.57,12.896,26.123
06-29,0.322796875,-624.390859375,0.33350230153390603,0.0,37.0,13.558,0.59,14.424,27.982
06-30,0.3209384057971015,-620.6511963768116,0.3472987680371582,0.0,37.0,13.479,0.593,14.486,27.965
07-01,0.2807890625,-541.8313578125,0.3472987680371582,0.0,37.0,11.793,0.528,13.85,25.643
07-02,0.267965625,-518.119053125,0.36145300334070685,0.0,37.0,11.254,0.517,12.185,23.439
07-03,0.2491933497536946,-480.3195194581281,0.3200645361580008,0.0,37.0,10.466,0.492,12.834,23.3
07-04,0.20903409090909092,-397.17827954545453,0.470351418087696,0.0,37.0,8.78,0.425,16.5,25.28
07-05,0.2254352272727274,-431.26144886363664,0.42160910107579896,0.0,37.0,9.468,0.468,14.875,24.343
07-06,0.20195909090909114,-386.219104545455,0.42160910107579896,0.0,37.0,8.482,0.429,13.458,21.94
07-07,0.16458445512820508,-313.78935689102553,0.470351418087696,0.0,37.0,6.913,0.361,11.923,18.836
07-08,0.15496898395721925,-296.76636096256686,0.5765325919333777,0.0,37.0,6.509,0.355,9.917,16.426
07-09,0.1512702380952381,-291.3609654761905,0.43751817737481247,0.0,37.0,6.353,0.361,8.003,14.356
07-10,0.228731380952381,-445.99426776190484,0.26990019525158404,0.0,37.0,9.607,0.565,6.665,16.272
07-11,0.26616067251461994,-522.127263011696,0.21515988319619161,0.0,37.0,11.178,0.68,4.605,15.783
07-12,0.2692637426900585,-527.5033941520468,0.1689113395241173,0.0,37.0,11.309,0.723,5.37,16.679
07-13,0.26092053140096616,-511.35140120772945,0.1689113395241173,0.0,37.0,10.959,0.736,5.01,15.969
07-14,0.2551823863636363,-499.46782556818175,0.1172543419784362,0.0,37.0,10.718,0.751,5.538,16.256
07-15,0.26848864247311827,-527.2007190188172,0.09386166319420308,1.0,37.0,11.277,0.827,4.138,15.415
07-16,0.28620491452991453,-564.0517143162393,0.07436890009945407,1.0,37.0,12.02,0.93,2.348,14.368
07-17,0.2792266666666667,-550.7953533333333,0.037160458141364705,2.0,37.0,11.728,0.961,1.794,13.522
07-18,0.24683888888888894,-486.93766111111125,0.04525554618596206,2.0,37.0,10.368,0.9,1.556,11.924
07-19,0.18815694957983192,-370.93842831092434,0.04525554618596206,2.0,37.0,7.903,0.696,1.424,9.327
07-20,0.17514370588235295,-345.65848064705887,0.07436890009945407,1.0,37.0,7.356,0.67,0.951,8.307
07-21,0.1589894,-313.4549318,0.0789015593829665,1.0,37.0,6.678,0.635,1.185,7.863
07-22,0.16979999999999998,-335.35499999999996,0.037160458141364705,2.0,37.0,7.132,0.703,0.679,7.811
07-23,0.2627048571428572,-520.6595997142858,0.01268031791827573,2.0,37.0,11.034,1.13,-0.767,10.267
07-24,0.265205303030303,-526.0208901515151,0.01268031791827573,2.0,37.0,11.139,1.177,-1.18,9.959
07-25,0.2439190476190476,-483.965038095238,0.01714159544079563,2.0,37.0,10.244,1.133,-1.249,8.995
07-26,0.22220942307692304,-439.8751178846153,0.015913286769489554,2.0,37.0,9.333,1.087,-0.123,9.21
07-27,0.19506785714285713,-386.12621071428566,0.03475180940193767,2.0,37.0,8.193,1.006,-0.087,8.106
07-28,0.18080555555555555,-358.15379444444443,0.037160458141364705,2.0,37.0,7.594,1.014,-0.34,7.254
07-29,0.16669657004830918,-330.4309503864734,0.04826478343874108,2.0,37.0,7.001,1.02,-0.538,6.463
07-30,0.14035031249999996,-278.12877406249993,0.037160458141364705,2.0,37.0,5.895,0.931,-0.376,5.519
07-31,0.12742322377622378,-252.73221788111888,0.03247777495561954,2.0,37.0,5.352,0.929,-0.562,4.79
08-01,0.09554006493506495,-189.1011696753247,0.1172543419784362,0.0,37.0,4.012,0.714,-0.027,3.985
08-02,0.0875147033492823,-172.99811258851676,0.1449961562134987,0.0,37.0,3.676,0.671,0.193,3.869
08-03,0.08173820689655173,-161.61243917241381,0.1110156560699953,0.0,37.0,3.433,0.659,0.147,3.58
08-04,0.06344388333333334,-125.16074501666668,0.17750773887281412,0.0,37.0,2.664,0.488,0.395,3.059
08-05,0.055486342592592594,-109.3799061574074,0.17750773887281412,0.0,37.0,2.33,0.43,0.428,2.758
08-06,0.05207199999999999,-102.64636399999999,0.1689113395241173,0.0,37.0,2.187,0.424,0.404,2.591
08-07,0.059974230769230766,-118.21203884615383,0.16063112444447003,0.0,37.0,2.519,0.48,0.477,2.996
08-08,0.05295151960784314,-103.96128465686276,0.20524714408164568,0.0,37.0,2.224,0.397,0.83,3.054
08-09,0.047651809523809534,-93.34946361904764,0.21515988319619161,0.0,37.0,2.002,0.357,0.953,2.955
08-10,0.03967659999999999,-77.44561019999998,0.30698585474987405,0.0,37.0,1.667,0.315,1.074,2.741
08-11,0.038515470695970694,-75.26550497985347,0.22541303195972806,0.0,37.0,1.617,0.326,0.957,2.574
08-12,0.03665316483516483,-71.66817017582416,0.15266138035243015,0.0,37.0,1.54,0.331,0.868,2.408
08-13,0.036895465838509334,-72.25958527950313,0.1956706219250084,0.0,37.0,1.549,0.345,0.757,2.306
08-14,0.03692756944444445,-72.38595618055557,0.1449961562134987,0.0,37.0,1.551,0.36,0.694,2.245
08-15,0.04535861111111113,-89.07275638888892,0.09386166319420308,1.0,37.0,1.905,0.469,0.692,2.597
08-16,0.042299066666666676,-83.16943613333335,0.1449961562134987,0.0,37.0,1.777,0.449,0.54,2.317
08-17,0.03907655797101449,-76.79068626811593,0.10504200372059169,0.0,37.0,1.641,0.411,0.542,2.183
08-18,0.02995083333333333,-58.348704166666664,0.13055440660892748,0.0,37.0,1.258,0.292,0.924,2.182
08-19,0.02569797222222222,-49.96045052777777,0.2582511905140965,0.0,37.0,1.079,0.244,0.896,1.975
08-20,0.027050083333333336,-52.80211641666667,0.2582511905140965,0.0,37.0,1.136,0.256,0.73,1.866
08-21,0.02435440579710145,-47.532048376811595,0.4537672973691913,0.0,37.0,1.023,0.236,0.665,1.688
08-22,0.019855645161290292,-38.63292338709671,0.5220542678768723,0.0,37.0,0.834,0.201,0.661,1.495
08-23,0.01833921146953405,-35.7178053046595,0.470351418087696,0.0,37.0,0.771,0.194,0.575,1.346
08-24,0.019918846153846162,-38.87233576923079,0.33350230153390603,0.0,37.0,0.837,0.217,0.547,1.384
08-25,0.01606149122807018,-31.13806798245615,0.4060445067036338,0.0,37.0,0.674,0.186,0.648,1.322
08-26,0.014449704861111108,-27.893860607638885,0.4060445067036338,0.0,37.0,0.607,0.178,0.702,1.309
08-27,0.017108636363636368,-33.254686818181824,0.43751817737481247,0.0,37.0,0.719,0.224,0.603,1.322
08-28,0.01356618881118881,-26.157779055944054,0.6530785762864473,0.0,37.0,0.569,0.185,0.69,1.259
08-29,0.010966249999999997,-21.022301249999995,0.470351418087696,0.0,37.0,0.46,0.146,0.68,1.14
08-30,0.01192459090909092,-22.681408045454567,0.5045014597713458,0.0,37.0,0.501,0.163,0.917,1.418
08-31,0.013588492063492063,-26.04383865079365,0.4060445067036338,0.0,37.0,0.571,0.192,0.848,1.419
09-01,0.01656560714285714,-31.977817464285707,0.2819046108192158,0.0,37.0,0.695,0.237,0.806,1.501
09-02,0.015686285714285708,-30.22181257142856,0.22541303195972806,0.0,37.0,0.659,0.23,0.821,1.48
09-03,0.012231888888888879,-23.21018211111109,0.24695545939811314,0.0,37.0,0.513,0.177,0.997,1.51
09-04,0.015167452380952415,-29.140422404761974,0.2819046108192158,0.0,37.0,0.637,0.221,0.876,1.513
09-05,0.026020277777777774,-50.95501472222221,0.1956706219250084,0.0,37.0,1.093,0.349,0.539,1.632
09-06,0.020158390151515146,-39.38749513257575,0.21515988319619161,0.0,37.0,0.847,0.224,0.506,1.353
09-07,0.016278445378151263,-31.75810542016807,0.3200645361580008,0.0,37.0,0.684,0.173,0.457,1.141
09-08,0.014908721719457013,-28.980317273755656,0.36145300334070685,0.0,37.0,0.626,0.153,0.524,1.15
09-09,0.0139802,-27.2675594,0.4537672973691913,0.0,37.0,0.587,0.144,0.399,0.986
09-10,0.013526076023391814,-26.281433818713456,0.5045014597713458,0.0,37.0,0.568,0.141,0.487,1.055
09-11,0.016591436507936513,-32.453898706349214,0.33350230153390603,0.0,37.0,0.696,0.173,0.381,1.077
09-12,0.017414258620689644,-34.102734465517216,0.30698585474987405,0.0,37.0,0.731,0.184,0.36,1.091
09-13,0.0182535,-35.778699499999995,0.3200645361580008,0.0,37.0,0.767,0.202,0.345,1.112
09-14,0.016438004464285713,-32.090894915178566,0.3759635132769805,0.0,37.0,0.69,0.187,0.44,1.13
09-15,0.016979999999999995,-33.25815999999999,0.36145300334070685,0.0,37.0,0.713,0.2,0.345,1.058
09-16,0.02146186578341014,-42.180145969470054,0.20524714408164568,0.0,37.0,0.901,0.27,0.293,1.194
09-17,0.029127230769230773,-57.289779846153856,0.1956706219250084,0.0,37.0,1.223,0.387,0.353,1.576
09-18,0.02817197619047619,-55.18403645238095,0.20524714408164568,0.0,37.0,1.184,0.375,0.568,1.752
09-19,0.022123693452380952,-43.272585824404764,0.13055440660892748,0.0,37.0,0.929,0.281,0.51,1.439
09-20,0.028512250000000003,-55.75036325000001,0.1110156560699953,0.0,37.0,1.198,0.36,0.675,1.873
09-21,0.0407582888888889,-80.18872291111113,0.04826478343874108,2.0,37.0,1.712,0.415,0.472,2.184
09-22,0.039547435897435895,-77.70272948717948,0.037160458141364705,2.0,37.0,1.661,0.392,0.562,2.223
09-23,0.03604621794871795,-70.79003724358975,0.04525554618596206,2.0,37.0,1.514,0.354,0.545,2.059
09-24,0.04357094952380952,-85.9131461990476,0.021339057559387697,2.0,37.0,1.83,0.38,0.314,2.144
09-25,0.04932285714285713,-97.48460571428569,0.01714159544079563,2.0,37.0,2.072,0.378,0.125,2.197
09-26,0.05139093406593406,-101.63719532967032,0.01004289158506766,2.0,37.0,2.159,0.376,0.065,2.224
09-27,0.05522542857142858,-109.31732085714287,0.004809477161311859,3.0,37.0,2.319,0.392,-0.026,2.293
09-28,0.06254300000000002,-123.86825100000003,0.0034061033657946105,3.0,37.0,2.627,0.44,-0.096,2.531
09-29,0.07195207874762809,-142.28745125901327,0.0019885104962527045,3.0,37.0,3.022,0.502,0.106,3.128
09-30,0.06982800904977376,-138.00323407239821,0.002385815483528564,3.0,37.0,2.933,0.484,0.186,3.119
10-01,0.06273444117647058,-123.94774902941174,0.004052978473572333,3.0,37.0,2.635,0.439,0.204,2.839
10-02,0.057637666666666657,-113.7893003333333,0.009279250301124309,3.0,37.0,2.42,0.402,0.276,2.696
10-03,0.05143525,-101.34081425000001,0.013686730990167595,2.0,37.0,2.16,0.358,0.45,2.61
10-04,0.04767202380952381,-93.78037154761905,0.018452305746918585,2.0,37.0,2.002,0.334,0.563,2.565
10-05,0.044060602941176474,-86.51742407352943,0.021339057559387697,2.0,37.0,1.85,0.311,0.679,2.529
10-06,0.04146378787878788,-81.40516439393939,0.026404804618867628,2.0,37.0,1.741,0.291,0.652,2.393
10-07,0.04177394444444445,-82.08114705555556,0.0229245736165391,2.0,37.0,1.755,0.284,0.589,2.344
10-08,0.045408636363636366,-89.45282681818182,0.018452305746918585,2.0,37.0,1.907,0.301,0.411,2.318
10-09,0.05777916666666665,-113.53700583333331,0.037160458141364705,2.0,37.0,2.427,0.376,0.808,3.235
10-10,0.04618342307692307,-90.34068588461537,0.04826478343874108,2.0,37.0,1.94,0.293,1.056,2.996
10-11,0.04223230769230769,-82.40219846153845,0.06203262229447826,1.0,37.0,1.773,0.264,1.176,2.949
10-12,0.045374333333333336,-88.62588366666667,0.08864074661698318,1.0,37.0,1.906,0.273,1.17,3.076
10-13,0.048796691176470584,-95.32732227941176,0.186425775893321,0.0,37.0,2.05,0.268,1.241,3.291
10-14,0.05484986842105263,-107.49758723684211,0.1956706219250084,0.0,37.0,2.304,0.287,1.05,3.354
10-15,0.04991503205128205,-97.64271900641026,0.22541303195972806,0.0,37.0,2.097,0.26,1.139,3.236
10-16,0.050214188235294124,-97.66564390588236,0.2819046108192158,0.0,37.0,2.109,0.265,1.708,3.817
10-17,0.04650204545454545,-90.32324477272726,0.3759635132769805,0.0,37.0,1.953,0.249,1.704,3.657
10-18,0.0306145814479638,-58.34410915158371,0.3759635132769805,0.0,37.0,1.286,0.162,2.242,3.528
10-19,0.03434484890109893,-65.53026325549456,0.36145300334070685,0.0,37.0,1.443,0.177,2.438,3.881
10-20,0.03294219298245614,-62.70085938596491,0.539915857350804,0.0,37.0,1.383,0.168,2.492,3.875
10-21,0.026649166666666668,-49.73748583333334,0.7540675143570155,0.0,37.0,1.119,0.138,3.001,4.12
10-22,0.027098373015873013,-50.8043509126984,0.6728442148625922,0.0,37.0,1.138,0.145,2.823,3.961
10-23,0.029531574074074078,-55.80495342592593,0.6928385117296678,0.0,37.0,1.24,0.162,2.638,3.878
10-24,0.028805357142857146,-54.49619821428572,0.5580781774416292,0.0,37.0,1.209,0.161,2.51,3.719
10-25,0.033018762962962966,-62.88206963703705,0.4060445067036338,0.0,37.0,1.387,0.19,2.462,3.849
10-26,0.028805357142857133,-54.043398214285695,0.43751817737481247,0.0,37.0,1.21,0.167,2.962,4.172
10-27,0.03419409926470588,-65.05941623161765,0.3759635132769805,0.0,37.0,1.436,0.189,2.611,4.047
10-28,0.03685802884615384,-70.40758360576923,0.2819046108192158,0.0,37.0,1.548,0.199,2.534,4.082
10-29,0.04440923076923079,-85.4024338461539,0.2819046108192158,0.0,37.0,1.866,0.241,2.483,4.349
10-30,0.0521888663967611,-100.8534661943319,0.2582511905140965,0.0,37.0,2.192,0.284,2.428,4.62
10-31,0.0623947619047619,-120.9799395238095,0.17750773887281412,0.0,37.0,2.621,0.341,2.499,5.12
11-01,0.06648512132822477,-128.89368729246488,0.186425775893321,0.0,37.0,2.793,0.359,2.68,5.473
11-02,0.06657282135076252,-129.09712423747277,0.13762928522835538,0.0,37.0,2.797,0.346,2.65,5.447
11-03,0.07129423076923073,-138.66727884615378,0.13055440660892748,0.0,37.0,2.994,0.369,2.424,5.418
11-04,0.06818952380952381,-132.60867904761906,0.13055440660892748,0.0,37.0,2.864,0.355,2.338,5.202
11-05,0.06792000000000001,-132.04214000000002,0.09932636867264089,1.0,37.0,2.852,0.355,2.372,5.224
11-06,0.07107653846153845,-138.3174473076923,0.05478895941944817,1.0,37.0,2.985,0.365,2.343,5.328
11-07,0.07095281666666667,-138.29677488333334,0.06203262229447826,1.0,37.0,2.98,0.353,2.119,5.099
11-08,0.0687124,-133.9641628,0.05831741573896787,1.0,37.0,2.886,0.338,2.018,4.904
11-09,0.06641924242424241,-129.6677271212121,0.04525554618596206,2.0,37.0,2.79,0.328,1.776,4.566
11-10,0.06503104166666662,-127.09359020833325,0.04525554618596206,2.0,37.0,2.731,0.322,1.603,4.334
11-11,0.05670884615384617,-110.6156657692308,0.037160458141364705,2.0,37.0,2.382,0.287,1.611,3.993
11-12,0.05483802681992336,-107.04094955938696,0.04240604327828201,2.0,37.0,2.303,0.282,1.484,3.787
11-13,0.05133305555555555,-100.05001194444444,0.04525554618596206,2.0,37.0,2.156,0.269,1.538,3.694
11-14,0.05119727272727273,-99.67697363636364,0.04826478343874108,2.0,37.0,2.151,0.273,1.642,3.793
11-15,0.04510312500000001,-87.63714062500001,0.06203262229447826,1.0,37.0,1.894,0.247,1.622,3.516
11-16,0.039217742474916384,-75.60669172240802,0.08864074661698318,1.0,37.0,1.647,0.221,2.005,3.652
11-17,0.034817575757575756,-66.78559878787878,0.10504200372059169,0.0,37.0,1.463,0.203,2.118,3.581
11-18,0.03128722222222222,-59.78642277777778,0.09386166319420308,1.0,37.0,1.314,0.188,2.131,3.445
11-19,0.028300000000000013,-53.931310000000025,0.09932636867264089,1.0,37.0,1.189,0.173,2.074,3.263
11-20,0.03498194444444444,-67.32326305555556,0.0789015593829665,1.0,37.0,1.469,0.22,1.906,3.375
11-21,0.030686919191919196,-58.89325762626263,0.0789015593829665,1.0,37.0,1.289,0.203,1.836,3.125
11-22,0.027914090909090906,-53.570999545454534,0.09386166319420308,1.0,37.0,1.172,0.193,1.671,2.843
11-23,0.029498916256157644,-56.86041576354681,0.1172543419784362,0.0,37.0,1.239,0.213,1.518,2.757
11-24,0.029438505747126448,-56.40300597701152,0.1449961562134987,0.0,37.0,1.236,0.224,1.856,3.092
11-25,0.02846979999999996,-54.476990599999915,0.1689113395241173,0.0,37.0,1.195,0.23,1.865,3.06
11-26,0.029917142857142857,-57.39563428571429,0.22541303195972806,0.0,37.0,1.257,0.259,1.81,3.067
11-27,0.029662977941176477,-57.17106694852942,0.22541303195972806,0.0,37.0,1.246,0.275,1.532,2.778
11-28,0.029106550000000002,-56.18157035000001,0.24695545939811314,0.0,37.0,1.223,0.287,1.42,2.643
11-29,0.0314906862745098,-61.01061049019607,0.2819046108192158,0.0,37.0,1.323,0.327,1.309,2.632
11-30,0.030882936507936512,-59.811084206349214,0.3200645361580008,0.0,37.0,1.297,0.336,1.306,2.603
12-01,0.029243333333333343,-56.52830666666669,0.30698585474987405,0.0,37.0,1.228,0.341,1.344,2.572
12-02,0.02611854166666667,-50.404127708333334,0.24695545939811314,0.0,37.0,1.097,0.327,1.284,2.381
12-03,0.023788171428571425,-45.948478342857136,0.294266104304963,0.0,37.0,0.999,0.32,1.128,2.127
12-04,0.02283628364389234,-44.245658436853006,0.36145300334070685,0.0,37.0,0.959,0.33,0.947,1.906
12-05,0.02157875,-41.76266375,0.42160910107579896,0.0,37.0,0.906,0.33,0.942,1.848
12-06,0.018734599999999997,-36.139496199999996,0.4872648904642325,0.0,37.0,0.787,0.306,0.936,1.723
12-07,0.014718526785714288,-28.074117991071432,0.5765325919333777,0.0,37.0,0.618,0.259,1.054,1.672
12-08,0.013099513184584174,-24.942827829614593,0.5952698888863501,0.0,37.0,0.55,0.244,0.981,1.531
12-09,0.012463434343434342,-23.700878383838383,0.5580781774416292,0.0,37.0,0.524,0.25,0.964,1.488
12-10,0.01384678571428571,-26.491731071428564,0.5765325919333777,0.0,37.0,0.582,0.298,0.911,1.493
12-11,0.013128055555555556,-25.113026944444446,0.6142802922561135,0.0,37.0,0.552,0.309,0.867,1.419
12-12,0.011368793103448275,-21.628079827586202,0.539915857350804,0.0,37.0,0.477,0.296,0.871,1.348
12-13,0.010578809523809522,-20.107082619047613,0.5220542678768723,0.0,37.0,0.445,0.3,0.828,1.273
12-14,0.009669166666666663,-18.347125833333326,0.5580781774416292,0.0,37.0,0.406,0.293,0.788,1.194
12-15,0.010996191222570534,-21.053793871473356,0.5952698888863501,0.0,37.0,0.462,0.352,0.708,1.17
12-16,0.010393511904761893,-19.9068432738095,0.5952698888863501,0.0,37.0,0.436,0.351,0.662,1.098
12-17,0.010234353448275862,-19.645603836206895,0.5765325919333777,0.0,37.0,0.43,0.363,0.608,1.038
12-18,0.00984435714285714,-18.89508121428571,0.4872648904642325,0.0,37.0,0.413,0.367,0.587,1.0
12-19,0.009791149425287353,-18.817125402298846,0.43751817737481247,0.0,37.0,0.411,0.38,0.56,0.971
12-20,0.010859563492063492,-20.950748293650793,0.3908282308519908,0.0,37.0,0.456,0.436,0.54,0.996
12-21,0.01112796428571428,-21.515044678571417,0.33350230153390603,0.0,37.0,0.468,0.465,0.507,0.975
12-22,0.010612499999999997,-20.485662499999993,0.294266104304963,0.0,37.0,0.446,0.456,0.516,0.962
12-23,0.011394473684210527,-22.075563947368423,0.30698585474987405,0.0,37.0,0.479,0.504,0.474,0.953
12-24,0.011479956521739129,-22.27457317391304,0.294266104304963,0.0,37.0,0.482,0.522,0.444,0.926
12-25,0.010548181818181821,-20.442119090909095,0.26990019525158404,0.0,37.0,0.443,0.495,0.433,0.876
12-26,0.010290909090909088,-19.98494545454545,0.24695545939811314,0.0,37.0,0.432,0.499,0.381,0.813
12-27,0.010317523510971784,-20.066394451410652,0.24695545939811314,0.0,37.0,0.433,0.51,0.352,0.785
12-28,0.009851095238095242,-19.163237190476195,0.2582511905140965,0.0,37.0,0.414,0.498,0.332,0.746
12-29,0.009955535714285715,-19.371804821428572,0.22541303195972806,0.0,37.0,0.418,0.512,0.33,0.748
12-30,0.009880603448275863,-19.222165086206896,0.21515988319619161,0.0,37.0,0.415,0.52,0.332,0.747
12-31,0.01052536945812808,-20.509762807881778,0.23601041334390294,0.0,37.0,0.442,0.564,0.32,0.762
