Year,01-01,01-02,01-03,01-04,01-05,01-06,01-07,01-08,01-09,01-10,01-11,01-12,01-13,01-14,01-15,01-16,01-17,01-18,01-19,01-20,01-21,01-22,01-23,01-24,01-25,01-26,01-27,01-28,01-29,01-30,01-31,02-01,02-02,02-03,02-04,02-05,02-06,02-07,02-08,02-09,02-10,02-11,02-12,02-13,02-14,02-15,02-16,02-17,02-18,02-19,02-20,02-21,02-22,02-23,02-24,02-25,02-26,02-27,02-28,03-01,03-02,03-03,03-04,03-05,03-06,03-07,03-08,03-09,03-10,03-11,03-12,03-13,03-14,03-15,03-16,03-17,03-18,03-19,03-20,03-21,03-22,03-23,03-24,03-25,03-26,03-27,03-28,03-29,03-30,03-31,04-01,04-02,04-03,04-04,04-05,04-06,04-07,04-08,04-09,04-10,04-11,04-12,04-13,04-14,04-15,04-16,04-17,04-18,04-19,04-20,04-21,04-22,04-23,04-24,04-25,04-26,04-27,04-28,04-29,04-30,05-01,05-02,05-03,05-04,05-05,05-06,05-07,05-08,05-09,05-10,05-11,05-12,05-13,05-14,05-15,05-16,05-17,05-18,05-19,05-20,05-21,05-22,05-23,05-24,05-25,05-26,05-27,05-28,05-29,05-30,05-31,06-01,06-02,06-03,06-04,06-05,06-06,06-07,06-08,06-09,06-10,06-11,06-12,06-13,06-14,06-15,06-16,06-17,06-18,06-19,06-20,06-21,06-22,06-23,06-24,06-25,06-26,06-27,06-28,06-29,06-30,07-01,07-02,07-03,07-04,07-05,07-06,07-07,07-08,07-09,07-10,07-11,07-12,07-13,07-14,07-15,07-16,07-17,07-18,07-19,07-20,07-21,07-22,07-23,07-24,07-25,07-26,07-27,07-28,07-29,07-30,07-31,08-01,08-02,08-03,08-04,08-05,08-06,08-07,08-08,08-09,08-10,08-11,08-12,08-13,08-14,08-15,08-16,08-17,08-18,08-19,08-20,08-21,08-22,08-23,08-24,08-25,08-26,08-27,08-28,08-29,08-30,08-31,09-01,09-02,09-03,09-04,09-05,09-06,09-07,09-08,09-09,09-10,09-11,09-12,09-13,09-14,09-15,09-16,09-17,09-18,09-19,09-20,09-21,09-22,09-23,09-24,09-25,09-26,09-27,09-28,09-29,09-30,10-01,10-02,10-03,10-04,10-05,10-06,10-07,10-08,10-09,10-10,10-11,10-12,10-13,10-14,10-15,10-16,10-17,10-18,10-19,10-20,10-21,10-22,10-23,10-24,10-25,10-26,10-27,10-28,10-29,10-30,10-31,11-01,11-02,11-03,11-04,11-05,11-06,11-07,11-08,11-09,11-10,11-11,11-12,11-13,11-14,11-15,11-16,11-17,11-18,11-19,11-20,11-21,11-22,11-23,11-24,11-25,11-26,11-27,11-28,11-29,11-30,12-01,12-02,12-03,12-04,12-05,12-06,12-07,12-08,12-09,12-10,12-11,12-12,12-13,12-14,12-15,12-16,12-17,12-18,12-19,12-20,12-21,12-22,12-23,12-24,12-25,12-26,12-27,12-28,12-29,12-30,12-31
1979,11.09,14.23,29.15,40.19,50.37,53.2,51.22,46.7,41.6,37.36,32.54,27.17,30.56,36.79,41.88,43.86,43.3,39.9,35.09,30.56,32.26,37.92,42.73,45.28,45.0,42.45,38.77,34.81,30.85,26.66,23.29,20.94,19.07,17.66,16.61,15.73,14.8,15.85,20.18,22.47,23.04,22.3,21.48,20.6,19.39,18.17,16.92,15.56,14.4,15.56,18.73,21.25,22.92,24.59,32.83,45.85,74.15,105.84,116.88,111.22,95.94,77.54,61.69,50.09,47.54,52.07,59.15,66.79,72.16,78.11,77.26,69.05,59.43,52.07,45.56,40.19,35.94,31.98,28.02,24.45,21.76,19.81,21.79,26.86,28.87,28.58,30.28,34.53,36.79,33.68,27.11,21.59,18.4,17.57,19.5,21.79,23.29,23.32,23.46,29.43,33.39,32.54,28.58,25.33,22.53,20.35,19.19,18.88,18.85,18.03,15.76,13.1,10.78,9.14,8.01,8.01,10.3,13.24,16.24,17.09,14.66,10.75,7.75,6.25,5.38,5.21,5.21,4.87,4.5,4.81,9.25,15.48,23.97,26.66,35.09,41.88,41.6,35.66,28.58,25.3,24.22,22.64,21.28,24.62,35.66,38.77,37.92,36.22,31.7,29.15,27.51,23.89,19.75,15.48,15.99,22.84,24.37,21.51,18.31,14.57,10.67,31.41,88.3,92.82,75.84,57.45,43.02,43.58,45.0,42.17,36.51,29.43,23.63,18.93,14.32,11.21,10.64,9.62,7.81,6.28,5.18,4.3,3.71,3.25,2.86,3.54,3.62,3.96,3.23,2.8,2.49,2.12,1.95,1.84,1.73,1.58,1.5,1.42,1.56,6.74,15.08,17.43,41.88,65.09,70.75,73.58,67.92,59.43,45.28,31.13,22.64,14.15,10.75,9.34,7.64,6.79,6.23,5.66,4.81,4.24,3.68,3.0,2.55,2.21,2.12,1.98,1.92,1.78,1.7,1.64,1.58,1.5,1.5,3.93,5.63,4.73,3.34,3.08,3.03,3.48,3.85,3.65,3.4,5.6,6.79,5.38,4.7,26.74,117.73,162.72,147.16,145.46,144.33,121.97,86.32,55.18,39.9,33.68,30.85,25.78,21.59,18.03,14.57,11.86,12.03,13.56,14.09,13.07,12.0,11.09,9.99,15.37,46.13,92.82,83.77,67.35,53.2,41.04,33.39,27.62,21.76,16.47,12.93,10.75,9.45,8.57,7.78,6.99,6.57,6.08,5.72,5.38,5.07,4.92,4.7,4.5,5.07,6.82,7.47,7.07,6.28,5.66,5.21,4.78,4.36,4.08,3.96,4.16,4.24,4.22,4.19,4.24,4.41,4.36,4.67,9.42,14.43,16.81,16.58,16.05,15.96,15.42,14.57,13.16,11.26,9.74,8.77,8.09,7.58,12.65,23.55,28.87,28.16,26.32,24.79,22.64,19.87,17.55,15.62,15.08,24.45,30.28,31.13,28.58,25.58,22.56,19.81,17.74,16.36,15.68,15.42,14.89,14.38,13.75,13.02,12.28,11.74,11.38,11.94,13.36,13.81,13.5,12.93,12.45,12.14
1980,11.72,11.21,10.7,10.27,11.4,13.16,13.81,14.04,17.01,21.39,24.48,30.85,35.94,39.05,40.19,40.19,37.64,34.24,33.11,33.68,32.83,30.56,30.56,35.66,39.62,39.05,36.51,33.68,31.13,28.05,26.12,26.63,25.87,23.43,21.06,19.53,18.65,18.17,18.9,20.15,29.15,41.04,48.68,51.22,50.37,46.41,42.17,38.49,34.53,30.56,26.66,24.39,23.32,22.05,20.8,19.78,19.13,18.73,18.28,18.37,18.31,16.73,15.82,18.93,28.22,45.0,65.09,89.71,107.26,110.09,100.18,89.71,88.86,93.67,89.71,78.39,69.62,69.05,72.45,75.84,76.98,72.73,64.24,55.47,48.96,43.58,39.05,51.22,90.28,129.33,146.03,144.05,129.61,108.67,83.48,61.69,47.54,38.2,31.13,26.29,22.92,20.15,18.42,22.53,33.11,40.75,43.58,41.88,36.51,31.13,25.89,21.51,17.52,14.35,12.11,10.39,9.65,12.99,16.56,20.23,22.75,23.66,23.06,21.31,17.23,12.42,9.37,7.58,6.62,6.03,5.46,5.01,4.64,4.27,3.91,3.62,3.34,3.51,4.98,8.01,13.22,16.73,18.59,31.13,58.3,101.03,120.56,112.92,88.86,60.28,39.62,22.87,12.79,8.52,6.62,5.52,4.81,4.5,5.41,5.97,5.26,4.02,3.65,3.34,3.08,2.86,2.63,2.75,2.91,4.78,6.51,5.94,4.87,4.13,3.48,3.93,15.03,26.01,22.58,17.15,13.64,9.57,6.4,4.67,4.39,10.64,20.26,23.86,20.97,13.47,9.03,20.23,28.07,26.38,18.0,12.17,8.55,5.94,4.41,3.68,3.23,2.89,2.66,3.11,16.07,18.59,12.08,7.75,9.9,13.73,14.04,10.7,7.02,6.57,7.05,5.52,4.27,3.65,4.78,4.56,4.1,3.08,2.63,2.75,5.97,6.11,3.65,2.69,2.21,1.9,1.81,1.84,1.84,2.29,2.72,3.06,2.72,1.87,1.53,1.3,1.1,0.99,0.88,0.79,0.71,0.65,1.33,1.84,3.51,4.05,4.33,4.27,4.13,3.51,2.72,2.21,1.9,1.73,1.5,1.3,1.19,1.27,1.58,1.78,1.73,1.56,1.56,1.92,3.65,5.74,6.23,6.82,8.32,14.55,20.12,22.87,23.21,22.64,20.49,17.18,14.18,12.0,10.33,8.69,7.07,5.77,4.73,4.1,3.68,3.34,3.08,3.31,4.19,5.07,5.32,4.9,4.56,5.69,7.53,8.38,8.69,8.86,9.17,11.8,13.3,13.3,12.4,11.52,10.9,10.56,10.13,9.88,10.13,11.26,12.06,11.69,10.58,9.28,8.09,7.33,6.82,6.91,7.36,7.5,8.57,12.03,13.61,13.67,13.05,12.54,12.06,11.72,11.15,10.53,10.02,9.42,8.77,8.21,7.75,7.44,7.13,6.88,6.65,6.59,7.92,9.59,10.64,10.98,10.87,10.7,10.84,10.87,10.5,9.68,8.74,7.98,7.95,10.98,13.02,13.41,13.19,21.25,42.45,60.0,63.39
1981,60.56,54.05,45.56,37.36,30.28,24.51,21.11,19.95,18.76,17.63,16.33,14.89,12.88,12.74,12.48,12.45,12.42,11.74,11.21,11.07,11.8,14.8,16.53,16.9,16.47,15.82,14.86,14.46,17.29,18.68,18.54,17.69,18.28,22.47,24.17,23.97,22.67,21.48,20.29,18.93,17.49,20.09,32.54,39.34,39.34,37.36,34.24,30.56,26.74,24.51,25.64,26.63,26.52,25.36,23.83,21.9,19.78,17.52,15.56,14.18,13.75,14.18,13.9,17.43,21.39,22.19,21.28,19.89,18.34,16.33,14.38,12.85,11.63,10.58,9.82,9.2,8.83,8.94,8.8,8.46,8.01,8.38,9.4,9.68,9.28,8.74,8.32,7.87,7.53,7.75,8.41,13.92,17.4,17.38,15.17,12.65,11.15,10.44,9.59,8.72,8.15,7.67,7.16,6.59,6.17,5.77,5.46,5.12,4.9,4.64,4.39,4.19,4.1,3.93,3.82,3.65,3.45,3.25,3.08,2.86,2.66,2.52,2.66,2.55,2.43,2.29,2.26,2.58,3.88,6.08,7.81,11.26,13.44,12.68,10.19,6.51,4.73,3.96,3.51,3.45,10.07,17.94,20.69,18.51,16.16,12.2,8.04,8.91,16.73,20.91,21.82,21.42,23.72,27.08,35.66,43.02,45.28,42.73,42.73,48.96,53.77,51.79,36.79,18.73,10.92,7.73,5.77,4.95,5.26,6.4,18.88,16.84,11.94,8.91,7.16,5.52,4.27,3.48,2.89,2.49,2.21,1.98,1.87,2.24,3.91,5.74,7.19,7.44,8.66,10.44,9.08,5.74,4.02,3.34,2.86,2.41,2.09,1.9,1.73,1.73,1.7,1.5,2.35,1.95,1.75,1.58,1.92,2.75,4.7,4.27,5.12,6.0,5.52,5.58,4.9,6.25,6.17,4.75,4.64,5.49,5.86,10.3,11.32,11.43,13.67,16.24,20.49,30.0,44.15,52.07,50.94,65.09,112.92,136.97,139.24,131.6,118.29,100.18,81.22,66.22,52.64,41.88,36.79,31.7,25.87,20.77,16.24,13.05,10.87,9.54,8.74,9.31,9.03,8.6,7.64,6.45,5.49,4.78,4.3,5.09,7.64,8.29,6.88,5.43,4.53,3.93,3.45,3.03,2.75,2.49,2.32,2.09,1.92,1.78,1.61,1.53,1.44,1.42,1.3,1.19,1.13,1.08,1.05,1.02,0.99,1.02,0.99,0.96,0.93,0.93,0.93,0.96,0.91,0.88,0.88,0.91,0.93,0.93,1.02,1.16,1.56,1.87,2.15,2.09,2.01,1.95,1.92,1.9,1.84,1.84,1.81,1.81,1.78,1.75,1.75,1.78,1.81,1.87,1.9,1.95,1.95,1.95,2.04,2.12,2.12,2.12,2.29,2.38,2.43,2.66,3.03,3.06,3.03,3.03,3.0,3.17,3.59,4.33,4.39,4.16,3.96,3.74,3.48,3.25,3.08,2.94,2.89,3.31,5.63,8.15,9.51,10.3,10.67,10.7,9.9,8.97,8.26,8.43,14.83,19.56,21.62,22.33,22.78,22.39,23.97
1982,24.17,30.85,47.54,56.6,62.26,80.09,88.01,83.48,72.73,61.69,50.09,39.05,30.85,26.94,27.22,26.94,26.69,24.88,23.52,22.95,23.52,27.0,29.15,33.96,37.64,39.34,38.49,35.66,32.54,29.72,27.39,27.96,29.72,36.22,40.19,41.32,39.9,37.07,33.96,31.13,31.98,33.68,33.68,38.49,45.28,49.81,51.79,57.73,64.24,67.35,65.66,60.0,53.2,47.26,41.32,35.66,30.28,26.35,27.08,28.58,29.72,30.0,29.15,28.02,26.69,27.42,28.87,28.58,27.39,25.92,24.48,22.92,22.27,22.81,26.57,28.87,29.72,29.72,29.43,28.3,27.65,25.47,22.27,19.5,17.23,15.37,13.7,12.31,11.29,10.61,10.05,9.48,9.0,8.38,7.78,7.41,6.99,6.71,7.27,8.29,8.74,8.52,8.04,7.41,6.79,6.23,5.74,5.8,6.93,7.95,8.57,8.97,8.97,8.29,7.39,9.68,24.28,33.11,37.36,39.34,37.07,30.0,22.53,17.94,14.29,11.15,8.66,6.96,6.0,5.26,4.5,3.91,3.48,3.14,2.83,2.58,2.41,2.46,2.91,3.23,2.72,2.49,2.43,2.35,2.18,2.12,2.12,3.76,5.01,4.84,4.33,4.16,5.46,7.24,6.2,10.22,16.36,13.22,11.07,10.56,9.51,10.36,9.85,8.12,6.76,6.4,6.06,5.63,7.81,27.45,44.15,48.39,41.6,33.68,24.48,15.71,10.1,7.22,5.49,4.44,3.76,3.25,2.86,2.55,2.38,2.35,2.35,2.29,2.58,2.6,2.21,2.04,3.08,3.28,3.0,4.56,10.16,16.39,16.84,10.5,6.59,6.54,6.4,5.66,3.79,4.41,6.14,4.56,3.42,12.0,33.11,43.86,52.92,58.02,53.2,43.3,33.11,24.62,19.07,13.24,8.74,6.03,4.81,5.18,9.96,13.24,14.8,13.61,12.99,13.84,11.86,8.52,6.28,5.09,4.7,4.05,3.42,3.08,2.83,2.52,2.29,2.52,2.24,1.95,1.78,1.67,2.38,5.43,7.33,4.92,3.25,2.83,2.66,2.52,2.35,2.12,1.92,1.73,1.73,1.78,1.47,1.39,1.53,2.35,4.24,5.46,4.87,3.48,4.33,11.43,15.99,16.98,14.97,11.18,8.07,6.2,5.07,4.08,3.42,2.97,2.63,2.46,2.38,2.32,2.29,2.21,2.86,3.91,4.56,3.96,3.23,2.72,2.46,2.35,2.49,3.0,3.23,5.77,8.8,10.5,11.07,10.44,8.74,7.1,6.0,5.21,4.95,5.66,19.89,26.91,25.44,21.54,18.51,15.59,12.99,11.07,11.83,17.52,21.76,23.43,23.4,21.93,19.22,15.93,13.5,11.97,10.84,9.85,8.91,8.15,7.64,7.39,8.57,10.3,10.95,10.7,9.99,9.4,8.97,8.83,9.54,9.62,9.34,8.77,8.49,19.5,39.34,51.79,56.6,57.73,58.58,56.32,50.66,45.28,39.9,33.68,28.1,23.83,20.77,18.56,16.78,15.45,14.63,15.23,22.56
1983,28.58,33.11,43.3,52.64,56.88,56.32,52.92,48.11,43.02,38.49,33.96,30.56,28.3,26.29,24.54,22.7,20.89,19.13,17.23,15.37,14.04,16.16,22.95,27.39,29.15,29.15,28.58,35.09,41.04,43.02,41.88,39.34,36.51,36.51,36.79,35.09,33.39,38.2,42.73,44.43,44.15,53.49,71.88,91.41,103.3,124.24,147.16,151.12,141.78,128.2,111.5,91.13,71.03,64.24,67.07,68.2,67.92,67.92,65.66,67.07,73.3,77.54,76.13,70.18,63.68,70.47,86.88,102.16,105.28,103.01,97.07,84.33,70.47,58.86,48.39,41.32,54.9,110.94,153.1,176.59,202.63,199.52,163.86,128.76,106.12,100.75,102.16,101.03,94.24,85.47,79.24,74.15,68.77,63.39,57.45,51.51,45.85,41.6,47.83,56.6,63.68,67.07,67.35,63.68,56.32,61.41,93.39,118.29,119.43,113.77,97.92,76.69,59.71,50.09,46.7,46.41,45.56,42.45,39.05,35.09,30.85,25.75,21.48,19.16,18.28,16.9,15.42,14.04,12.93,11.69,10.53,9.57,8.72,8.12,8.04,8.41,8.8,8.46,7.98,7.64,7.24,6.93,6.68,6.65,6.4,6.11,5.74,5.43,5.32,5.18,5.07,5.55,6.82,6.96,5.77,10.7,22.75,23.55,37.64,64.24,86.6,114.62,114.05,93.11,66.22,44.71,29.15,17.38,11.8,9.11,7.61,6.74,7.95,9.93,10.87,10.27,9.14,7.47,6.06,5.15,4.61,4.41,6.48,8.89,8.12,10.16,23.06,38.77,45.56,40.75,29.43,17.32,11.35,8.01,5.86,4.73,4.13,3.68,3.4,3.11,2.83,2.69,2.55,2.43,2.83,3.4,4.53,5.09,5.94,5.38,4.53,3.11,2.55,1.98,1.75,1.58,1.42,1.53,1.7,1.98,2.26,1.98,1.7,1.42,1.25,1.08,0.96,0.91,0.85,0.82,0.76,0.74,0.68,0.65,0.62,0.57,0.54,0.57,0.57,0.59,0.65,0.65,0.76,0.96,1.25,1.58,1.87,1.87,1.5,1.19,0.96,0.82,0.71,0.62,0.59,0.57,0.68,1.13,1.78,2.38,2.09,1.58,1.3,1.27,1.92,3.54,4.33,4.75,4.41,3.48,2.41,1.87,1.64,1.45,1.33,1.29,1.19,1.05,0.97,0.84,0.79,0.72,0.67,0.66,0.67,0.68,1.01,1.84,1.79,1.43,1.17,1.0,0.88,0.82,0.78,0.86,1.13,1.56,2.44,2.86,2.77,2.39,2.04,1.75,1.54,1.41,1.35,1.34,1.37,1.72,2.17,2.25,2.15,2.19,2.66,3.23,3.59,3.79,3.68,3.31,3.11,3.08,3.14,3.2,3.37,3.76,4.05,4.36,4.98,6.23,7.13,8.69,9.48,9.65,9.71,9.42,9.51,15.06,19.02,23.09,29.15,32.54,34.81,35.66,34.53,33.11,37.64,42.73,45.56,48.68,49.81,47.26,43.86,40.75,37.64,35.09,33.39,31.7,29.43,26.32,22.7,19.84,19.87,21.37,21.71
1984,21.08,20.29,19.19,18.08,17.12,16.41,15.65,14.83,14.12,13.56,16.84,22.67,26.88,29.43,30.56,30.0,28.58,26.55,27.54,30.0,30.85,30.56,29.43,28.3,27.82,26.88,25.72,25.07,23.49,21.51,19.53,17.52,15.9,14.77,13.87,13.41,12.96,12.45,11.77,11.18,10.7,10.27,9.93,9.65,19.33,43.58,55.47,58.86,61.41,58.3,48.39,38.49,31.41,31.7,43.86,50.66,51.79,52.36,58.02,67.64,67.92,63.39,57.17,50.66,45.85,46.7,50.66,55.18,58.02,56.32,50.94,46.98,52.36,57.45,60.0,59.43,55.47,49.52,43.58,42.17,44.71,45.28,44.43,43.58,45.0,48.11,53.2,60.84,67.35,73.3,78.39,86.03,85.18,71.88,60.56,54.9,51.22,47.26,43.02,41.6,44.43,45.56,44.43,42.45,39.9,38.2,36.79,33.68,28.87,24.06,21.17,19.47,19.44,25.75,28.3,27.96,25.5,22.41,20.18,18.0,15.73,14.74,14.57,14.91,14.01,12.65,12.17,11.66,16.19,21.08,22.16,20.12,16.41,13.84,11.49,9.25,7.27,5.86,4.95,4.33,3.82,3.48,3.2,3.03,3.0,3.0,2.94,3.14,3.03,3.08,4.41,5.72,6.25,6.4,6.57,7.13,6.59,4.84,3.65,3.03,2.58,2.3,2.07,1.88,1.76,1.6,1.49,1.45,1.57,1.66,1.5,1.38,1.27,1.23,1.22,1.82,5.58,5.91,3.76,3.03,2.67,2.31,2.07,2.03,3.51,4.22,3.06,2.2,1.89,1.74,2.01,1.99,1.63,1.58,4.02,12.85,14.66,16.05,16.05,19.02,29.43,32.26,38.49,48.39,50.94,46.7,40.47,33.68,26.04,27.96,27.79,29.43,32.83,35.09,33.39,28.87,25.05,21.28,16.22,11.83,8.63,8.12,16.92,31.41,32.26,29.43,24.54,17.46,11.83,8.41,6.4,5.18,4.7,4.5,4.16,3.88,3.88,4.41,4.7,4.44,4.02,3.93,4.41,5.21,6.42,7.19,6.91,5.72,4.73,4.22,3.65,3.2,3.0,3.59,7.53,21.71,64.24,111.5,144.9,169.23,193.01,178.57,140.08,100.18,65.09,43.86,30.85,22.1,16.64,13.75,12.54,14.12,23.6,28.87,30.85,30.56,27.9,23.55,19.39,16.19,13.64,11.57,9.88,8.49,7.41,6.62,6.03,5.6,5.26,4.95,4.73,4.64,4.56,4.58,4.5,4.33,4.22,4.16,4.13,4.05,4.05,4.58,5.89,6.71,6.99,6.62,6.06,5.63,6.17,6.99,7.3,7.16,6.71,6.14,5.66,5.35,5.12,4.87,4.67,4.5,4.36,4.27,4.16,4.1,4.13,4.16,4.19,4.16,4.16,4.19,4.22,4.24,4.98,6.17,7.1,7.67,8.21,9.2,9.74,12.11,13.98,14.57,14.52,13.75,12.96,12.14,11.6,11.32,9.9,9.34,8.49,7.92,7.36,6.79,6.23,5.94,5.66,5.24,4.95,4.67,4.39,4.24,4.02,3.82,3.68
1985,3.54,3.4,4.24,8.49,17.26,19.24,19.81,20.94,21.51,22.07,24.9,26.6,24.06,19.81,15.28,13.87,14.72,16.98,18.68,18.11,16.41,13.3,11.89,11.32,11.04,10.84,10.5,10.19,11.09,11.94,14.6,23.57,29.43,35.94,39.62,41.88,51.51,62.26,67.35,68.2,66.22,60.56,65.94,82.07,90.84,88.58,82.92,74.71,65.37,55.18,46.41,42.17,39.9,37.64,35.38,33.11,30.85,29.72,29.43,27.65,26.63,25.92,24.96,23.86,22.41,20.38,18.51,16.92,15.65,14.57,13.75,12.9,12.08,11.38,10.67,11.49,13.9,14.26,13.53,12.34,13.22,20.18,24.56,27.39,29.15,28.58,26.46,23.26,19.58,15.93,13.24,11.4,9.96,8.89,8.07,7.44,6.96,6.4,5.91,5.46,5.15,5.01,4.92,5.21,5.91,7.22,9.48,9.85,9.59,8.55,7.24,6.2,5.72,5.01,4.08,3.57,3.23,2.97,2.7,2.48,2.31,2.17,2.11,2.14,2.35,2.45,2.25,2.07,1.98,1.91,1.88,2.06,2.69,2.49,2.33,1.92,1.6,1.5,1.39,1.4,1.4,1.51,3.59,3.28,2.86,2.33,1.89,1.53,1.26,1.08,0.99,0.91,0.82,0.71,0.66,0.67,0.65,0.67,0.71,0.81,0.94,1.12,0.97,0.72,0.55,0.48,0.5,0.5,0.51,0.6,0.62,0.52,0.46,0.41,0.37,0.36,0.34,0.3,0.29,0.27,0.27,0.27,0.26,0.26,0.45,0.48,0.41,0.36,0.37,0.33,0.31,0.59,0.58,0.44,0.38,0.39,0.46,0.46,0.78,0.65,0.6,0.56,0.52,0.59,1.82,1.77,4.05,5.91,9.68,15.48,21.82,22.44,18.2,16.78,27.68,31.41,28.87,22.78,14.63,8.66,11.32,14.57,16.24,13.07,8.77,6.17,4.61,3.74,3.25,3.68,5.32,9.34,15.73,22.02,23.32,18.76,12.0,9.82,9.45,8.01,6.2,5.12,4.67,4.13,3.62,3.17,2.71,2.35,2.07,1.81,1.58,1.4,1.27,1.14,1.01,0.9,0.79,0.71,0.66,0.62,0.57,0.54,0.49,0.48,0.5,0.57,0.63,0.79,0.98,3.4,6.34,7.41,6.59,5.04,3.59,2.8,3.79,7.02,8.01,7.64,6.88,6.31,5.26,5.43,9.25,10.95,10.07,8.32,6.37,5.63,5.49,5.04,4.39,5.72,15.14,22.78,26.55,26.29,23.57,19.44,15.4,11.86,9.25,7.98,7.9,8.83,10.24,12.37,16.61,17.86,16.78,14.52,12.08,10.19,8.74,7.75,7.13,6.74,6.48,6.2,5.89,5.63,5.43,5.32,5.15,5.77,13.05,18.08,19.07,18.65,17.21,14.72,12.71,19.07,25.78,27.56,26.74,23.91,19.81,16.22,13.9,12.42,11.43,10.7,10.05,9.54,10.56,14.12,15.56,15.76,15.08,14.15,13.19,12.14,11.29,10.47,9.74,9.23,8.8,8.35,7.87,7.61,7.53,7.53,7.36
1986,7.33,7.47,7.64,7.7,7.56,7.39,7.19,7.05,6.82,6.65,6.62,6.62,6.54,6.37,6.14,5.94,5.83,5.77,5.89,6.42,6.99,6.93,6.74,6.88,7.36,11.21,19.92,24.08,24.59,23.21,20.49,17.18,14.23,12.34,11.01,10.07,9.42,9.88,10.61,10.78,10.61,11.24,13.07,13.98,14.09,14.29,14.66,14.21,12.96,12.17,13.07,14.91,15.79,15.93,15.68,14.72,13.22,11.94,11.52,11.4,11.07,10.56,9.9,9.2,8.6,8.18,7.61,7.1,6.71,6.37,6.11,5.97,6.45,10.81,13.64,13.44,11.97,11.26,19.27,27.54,30.85,31.13,30.56,29.43,26.49,22.36,18.03,14.18,11.86,10.27,9.08,7.98,7.13,6.48,6.0,5.63,5.26,4.9,4.56,4.3,4.05,3.79,3.59,3.45,3.34,3.31,3.42,3.37,3.23,3.11,2.97,3.11,3.45,3.37,2.94,2.6,2.43,2.26,2.09,1.92,1.78,1.61,1.42,1.25,1.16,1.08,0.99,0.91,0.85,0.74,0.71,0.68,0.65,0.68,0.71,0.74,0.85,0.82,0.76,1.73,3.0,3.85,4.81,4.81,5.12,5.77,5.86,4.7,3.79,3.17,3.28,5.69,6.25,4.56,3.4,3.48,3.96,4.47,4.33,3.4,3.31,3.11,2.58,2.09,1.81,1.64,1.67,1.98,2.24,2.24,2.46,2.21,1.73,1.33,1.05,0.82,0.68,0.68,0.82,3.62,6.76,6.82,9.34,17.15,21.06,18.56,13.27,8.69,5.24,3.0,2.15,3.45,6.28,6.28,4.73,2.97,2.12,1.67,1.36,1.1,0.91,0.96,2.12,1.95,2.52,2.69,2.6,2.43,2.91,4.95,8.83,9.42,6.79,4.47,4.33,7.92,13.41,15.85,15.54,11.49,7.44,4.75,3.14,2.8,3.91,5.41,4.58,4.22,4.05,4.67,15.51,41.32,62.26,78.96,87.16,83.48,69.9,55.47,41.32,28.22,22.02,18.45,14.63,11.83,9.85,8.07,6.48,5.43,4.81,4.47,4.16,4.47,6.99,7.84,7.07,5.55,4.36,3.62,3.14,2.72,2.41,2.15,1.98,1.84,1.75,1.78,1.7,1.58,1.47,1.33,1.19,1.08,0.99,0.93,0.88,0.85,0.79,0.76,0.68,0.62,0.59,0.59,0.65,0.85,2.63,5.69,5.89,4.81,5.74,8.74,12.57,12.71,10.3,8.26,6.34,4.64,3.65,3.17,3.51,5.38,6.17,5.66,5.07,4.41,3.85,3.51,3.59,3.76,3.79,3.68,3.54,3.42,3.28,3.14,2.94,2.89,3.28,4.56,5.77,8.57,10.98,11.94,11.94,11.49,11.52,11.26,10.64,9.88,9.28,8.72,8.35,7.98,7.61,7.36,7.24,7.87,11.21,14.18,14.72,14.15,12.74,11.09,9.99,9.4,9.45,13.02,22.33,26.77,27.28,26.29,23.8,20.72,18.14,16.02,14.49,13.16,12.11,19.81,49.24,76.13,88.58,90.28,82.07,67.64,54.62
1987,46.98,55.75,65.66,69.33,68.2,62.54,54.34,46.7,39.62,33.68,28.87,25.3,22.78,20.66,18.79,17.35,19.61,25.72,35.66,45.0,50.37,63.11,104.71,139.24,147.73,144.05,132.73,117.44,97.35,76.13,60.28,49.81,42.45,37.07,32.54,28.58,25.36,24.03,25.33,25.81,25.07,23.49,21.45,19.53,17.83,16.61,15.93,22.5,29.43,31.7,32.54,32.26,30.85,31.41,32.54,32.54,31.13,30.28,38.2,61.69,110.94,140.37,142.63,137.54,125.65,103.3,75.84,54.62,42.17,35.38,31.41,28.87,26.8,24.79,22.92,21.03,19.22,18.28,20.52,21.82,21.22,19.81,18.06,16.39,15.17,14.77,25.02,43.3,60.56,64.81,61.13,54.9,49.52,43.86,37.64,31.41,25.89,21.82,18.82,16.47,14.63,13.22,12.03,10.92,11.89,34.24,49.24,57.17,63.96,67.64,64.52,60.28,54.62,46.41,48.39,59.43,72.45,81.5,82.92,73.58,57.73,42.73,31.13,22.56,17.69,15.08,13.58,12.31,11.24,9.9,8.69,7.56,6.99,8.55,10.78,13.81,14.6,15.28,13.36,13.16,16.3,15.03,15.14,12.99,10.19,9.2,18.71,11.01,8.41,6.85,5.91,5.83,5.32,4.36,4.02,4.95,6.37,6.91,5.86,4.98,4.41,3.59,2.91,2.72,12.4,21.59,19.58,14.18,10.39,12.62,12.42,9.37,6.59,4.64,3.79,4.5,3.96,3.99,3.79,3.0,2.41,2.18,2.91,6.31,29.43,35.94,32.54,21.62,12.85,7.22,4.44,3.76,3.25,3.08,2.91,3.0,2.77,2.46,2.24,1.95,1.64,1.42,1.22,1.05,0.93,0.79,0.74,0.65,0.62,0.57,0.54,0.57,0.74,2.04,1.84,1.58,1.36,1.08,1.56,3.71,5.55,5.01,5.74,12.28,15.17,10.5,8.07,11.09,11.69,10.19,7.58,16.84,23.09,20.86,14.43,8.8,7.73,9.34,7.39,5.32,3.76,3.2,3.06,3.34,3.28,2.91,2.58,2.58,3.06,3.88,5.55,7.78,16.13,21.51,17.29,14.77,15.17,14.21,11.91,8.97,6.34,5.01,4.44,4.22,3.91,3.59,3.06,2.63,2.32,2.07,1.84,1.7,1.7,1.87,1.98,1.98,1.78,1.61,1.44,1.33,1.22,1.1,1.02,0.96,0.91,0.88,0.85,0.79,0.79,0.79,0.76,0.74,1.13,1.1,1.08,1.02,0.96,0.91,0.85,1.13,1.08,1.02,1.25,1.39,1.3,1.16,1.05,0.99,0.96,0.91,0.85,0.82,0.82,1.02,1.5,1.9,1.84,2.01,2.07,1.9,1.84,1.78,1.9,2.04,2.18,2.15,2.09,2.04,1.95,2.15,2.18,2.26,3.65,6.14,7.39,6.99,6.14,5.29,4.58,3.93,3.42,3.08,2.86,2.72,3.79,6.06,7.47,7.41,6.31,6.51,7.22,7.27,6.88,6.42,5.97,5.69,6.03,6.34,6.37,6.0,5.72,7.07,14.74,19.53,20.69
1988,20.01,18.42,19.02,31.13,37.64,39.05,37.36,37.92,40.47,41.04,40.19,38.77,36.22,33.11,29.43,25.36,22.05,21.17,22.02,23.15,25.64,27.17,27.14,25.87,24.56,26.52,27.08,25.58,23.09,20.55,18.48,16.75,15.23,14.83,16.3,17.29,17.21,16.1,14.8,13.87,12.96,12.17,11.97,12.4,12.48,12.34,12.79,13.13,13.16,12.99,13.95,17.6,19.89,19.44,17.38,14.89,12.9,11.43,10.39,8.91,8.35,7.87,7.56,7.36,7.19,6.96,6.65,6.34,7.9,14.55,17.83,18.28,17.49,15.56,13.3,11.12,9.62,13.16,19.19,20.55,19.1,16.27,13.75,11.74,10.56,10.67,10.13,9.06,8.07,7.44,6.88,6.34,5.77,5.35,5.01,4.7,4.27,4.05,4.02,3.91,3.62,3.57,9.62,26.69,32.83,33.68,31.98,27.17,21.45,19.1,18.59,17.49,14.74,12.25,10.39,8.72,7.24,5.97,4.73,3.68,2.94,2.52,2.26,2.15,2.49,4.67,7.53,9.82,10.07,7.92,8.69,10.73,10.95,9.08,5.74,4.08,3.37,10.78,18.03,24.28,32.83,37.64,41.88,49.24,52.92,47.83,38.77,32.54,28.07,23.12,18.06,13.27,9.0,6.42,5.18,4.5,3.91,3.28,2.97,2.75,4.92,11.57,16.19,17.43,14.97,12.9,12.14,10.47,7.39,5.21,3.99,3.37,2.89,2.46,2.18,1.9,1.78,2.72,3.03,3.4,3.57,3.42,3.37,3.08,2.49,2.01,1.64,1.39,1.19,1.05,0.88,0.79,0.82,0.99,1.13,1.58,1.7,1.44,1.19,0.96,0.79,0.71,0.85,1.22,2.72,4.87,11.32,13.7,13.95,15.37,15.31,13.19,14.21,15.82,13.44,9.99,7.24,5.74,4.95,4.19,3.93,4.92,5.97,7.92,9.99,9.76,7.44,5.52,4.1,3.25,2.63,2.15,1.73,1.9,2.91,3.42,3.57,3.45,3.4,3.17,2.66,2.58,3.11,3.51,3.93,4.39,4.9,5.41,8.04,10.75,10.84,9.74,10.1,11.77,12.74,13.07,12.9,12.59,11.83,9.99,7.78,6.76,6.08,5.66,5.21,4.61,4.02,3.82,4.61,5.29,5.26,4.56,4.22,4.08,4.08,4.02,3.91,4.05,4.13,4.3,4.02,3.57,3.23,3.28,3.45,3.31,2.97,2.55,2.26,2.07,1.87,1.75,1.75,2.32,2.77,3.06,3.11,3.03,2.77,2.58,2.46,2.26,2.12,2.04,2.01,2.04,2.29,2.52,2.75,3.34,4.33,5.38,6.23,6.28,5.49,4.47,3.82,3.42,3.25,3.17,3.14,3.14,3.25,3.34,3.45,3.62,3.85,4.1,4.19,4.1,4.05,4.02,3.96,3.96,4.16,4.39,4.3,4.1,3.93,3.79,3.68,3.62,3.59,3.57,3.54,3.45,3.4,3.28,3.23,3.28,3.4,3.51,3.45,3.4,3.31,3.28,3.25,3.28,3.23,3.25,3.23,3.2,3.11,3.08,3.17
1989,4.27,6.25,7.73,8.91,9.59,9.57,9.25,8.57,7.78,7.13,6.79,6.99,7.61,8.24,9.31,11.24,12.62,13.24,12.93,11.94,10.7,9.37,8.52,8.29,7.9,7.3,6.68,6.17,5.74,5.46,5.26,5.01,4.75,4.56,4.41,4.39,4.64,5.15,5.72,5.94,5.8,5.41,5.04,4.73,4.53,4.33,4.13,4.02,4.36,6.11,8.43,10.92,17.01,22.27,25.39,27.68,28.87,28.87,27.9,27.39,27.2,27.05,26.77,25.95,25.41,26.74,30.28,33.39,35.94,36.79,36.22,34.81,32.83,30.85,28.87,27.76,26.83,27.03,29.15,30.28,33.11,38.2,51.51,67.07,80.66,83.2,79.52,72.73,62.54,50.37,39.9,33.68,29.43,25.75,22.53,20.89,21.79,23.55,25.7,27.73,33.39,39.9,43.3,44.15,44.43,50.37,55.47,57.73,57.17,52.92,48.96,43.86,36.79,29.43,23.4,26.43,33.11,38.49,41.6,41.88,42.17,46.7,51.51,55.75,61.41,68.77,69.9,61.41,48.11,37.92,33.39,30.85,27.9,24.34,22.36,26.91,29.43,28.02,24.68,20.26,15.9,13.56,18.73,21.56,21.42,17.35,13.1,10.07,7.92,6.23,5.04,4.1,3.45,3.37,6.85,8.12,7.81,7.75,27.56,40.75,40.75,35.38,26.88,17.77,11.09,7.75,5.72,5.6,9.28,11.6,16.41,18.68,12.48,11.86,18.06,15.37,13.47,10.84,7.64,6.08,6.08,6.06,4.73,3.42,3.03,4.3,7.98,12.99,12.37,9.31,6.71,5.18,4.08,3.42,4.1,4.53,6.03,10.47,17.69,23.43,28.02,34.53,42.17,43.86,40.19,35.94,29.72,21.11,12.85,8.29,6.03,4.75,5.58,9.79,11.8,12.74,10.95,8.83,6.31,4.36,3.79,8.01,16.07,21.73,22.44,24.48,19.92,16.05,16.13,27.62,31.41,31.7,26.4,18.28,11.91,8.09,6.45,6.48,5.86,6.31,5.89,4.33,3.45,3.08,2.97,3.0,3.17,2.77,2.46,2.26,2.12,1.98,1.81,1.67,1.5,1.39,1.47,1.92,2.89,3.48,5.91,6.28,5.15,4.47,4.64,6.03,10.05,13.78,24.59,31.13,32.83,31.13,26.18,20.57,29.72,45.28,63.39,68.49,67.07,59.71,50.66,39.62,30.56,23.74,18.2,13.81,14.15,10.36,8.57,7.58,6.88,8.18,9.96,12.42,8.86,7.84,7.75,10.64,9.31,8.04,6.37,4.84,4.22,4.5,6.2,7.19,9.06,12.99,14.52,15.42,14.69,13.58,12.9,12.59,14.15,11.57,9.14,8.12,7.41,7.22,7.36,7.81,8.63,8.91,8.72,8.35,11.09,15.34,14.04,18.06,17.6,15.11,13.73,12.37,11.32,10.41,9.62,8.74,8.15,7.7,7.33,11.57,33.11,56.6,81.79,94.52,93.67,86.6,76.69,65.66,54.62,45.0,38.2,34.24,32.54,31.13,28.87,24.65,22.39,23.55,23.8,24.37,25.64,28.3,33.39
1990,40.75,46.41,47.26,45.85,42.73,39.62,38.77,41.6,46.7,48.68,48.68,47.54,45.0,41.88,38.49,33.68,28.87,24.68,21.79,19.73,18.4,17.57,16.5,15.65,14.89,16.24,19.61,21.25,21.88,21.88,21.22,20.06,18.62,17.43,16.56,19.58,19.98,18.9,17.06,15.68,14.86,14.23,13.56,12.82,12.08,11.57,11.18,10.75,10.3,12.59,19.78,22.24,23.04,30.0,37.07,42.73,45.0,41.88,35.94,29.15,23.89,22.3,23.49,23.06,22.24,20.72,19.13,17.72,16.7,15.45,14.15,12.85,11.8,10.9,10.16,9.65,14.72,21.31,23.29,22.58,20.35,17.74,15.14,12.76,11.04,10.07,9.42,13.02,37.07,48.96,57.73,66.5,78.11,84.05,79.24,67.35,53.77,41.88,33.11,26.46,21.99,20.46,19.98,19.53,18.14,16.92,15.08,13.36,11.66,10.39,9.25,8.24,7.41,6.71,6.06,5.43,4.84,4.33,3.99,4.02,4.87,7.47,11.12,14.4,13.02,9.68,7.33,5.89,5.15,4.84,5.89,7.98,7.73,8.57,8.29,7.87,6.03,4.75,4.16,3.68,3.28,5.38,17.04,25.22,25.72,22.95,16.67,12.59,23.63,35.09,41.88,48.11,47.83,38.77,26.55,15.54,9.17,6.31,4.81,3.88,3.25,2.8,2.43,2.15,1.95,1.78,1.78,1.87,2.46,2.72,2.43,2.15,2.04,1.9,1.56,1.33,1.3,1.13,0.99,0.93,0.85,0.74,0.65,0.59,0.54,0.48,0.45,0.42,1.53,6.45,11.83,10.41,5.43,3.42,2.8,3.08,3.79,10.3,17.46,15.73,7.64,5.94,6.06,3.79,2.52,1.95,1.56,1.36,1.3,1.27,1.22,1.08,0.93,0.82,0.71,0.65,0.59,0.57,0.54,1.9,10.92,21.03,25.89,28.13,24.31,15.03,11.57,8.21,10.16,21.28,23.89,21.96,25.22,28.3,27.51,30.0,50.09,73.3,70.47,55.18,40.19,27.56,21.22,19.22,17.4,15.65,15.82,15.2,11.74,7.22,4.92,3.74,3.14,2.83,2.58,2.38,2.21,2.09,2.01,1.87,1.64,1.47,1.36,1.42,1.27,1.25,1.27,1.22,1.13,1.05,0.99,0.96,0.91,0.85,0.88,0.93,0.91,1.08,1.44,1.87,1.64,1.33,1.13,0.99,0.93,1.56,3.68,4.64,4.84,5.43,5.01,4.1,3.34,2.69,2.21,2.35,5.09,7.36,12.25,22.5,29.15,33.39,34.24,34.53,34.24,30.85,23.09,15.28,11.12,8.86,7.41,6.42,5.72,9.57,16.7,20.77,23.09,22.56,20.77,18.88,16.92,14.8,12.59,10.87,9.57,8.57,7.92,7.44,6.99,6.59,6.28,6.03,6.08,6.28,6.4,6.59,6.74,6.62,6.4,6.28,6.31,6.71,9.17,11.43,12.99,12.9,12.25,11.49,10.7,9.82,9.08,8.46,8.04,7.73,8.63,10.61,12.14,12.59,12.06,11.24,10.33,9.48,9.37,10.24,11.01
1991,10.98,10.84,11.89,12.25,12.17,11.72,11.24,12.45,16.44,19.02,19.47,23.55,28.58,31.13,31.13,30.85,31.98,32.26,30.56,33.39,40.75,45.28,46.98,45.0,44.43,45.0,45.0,43.86,42.45,41.6,44.15,46.13,45.28,41.88,37.36,33.11,29.43,27.03,28.3,29.15,27.88,25.58,22.87,20.4,19.44,18.71,17.38,15.9,14.66,13.7,13.02,12.57,12.57,13.24,13.98,15.23,15.88,15.65,15.06,14.4,15.82,22.53,41.6,57.73,65.37,65.37,60.0,50.94,42.73,36.22,30.0,24.93,24.59,26.23,27.39,28.58,28.87,28.58,26.66,23.91,20.72,17.77,15.59,13.84,12.31,11.07,10.13,10.13,31.7,50.09,66.5,79.52,80.94,69.9,56.6,43.86,33.39,25.22,19.78,16.24,13.78,11.86,10.33,9.59,15.06,15.85,13.5,11.24,9.37,12.96,22.36,30.0,33.11,32.54,28.16,22.84,18.14,13.73,11.12,9.71,11.26,13.16,12.65,9.65,6.88,5.52,4.67,3.96,3.42,3.14,3.0,2.83,2.6,2.41,2.55,3.59,3.93,3.48,3.51,7.39,16.27,23.01,25.53,23.26,17.77,12.03,8.43,6.31,5.35,7.44,10.41,5.66,3.68,3.4,3.25,2.97,2.38,2.04,1.81,1.7,1.47,1.42,1.36,1.25,1.13,1.08,1.02,0.96,1.13,1.42,1.13,0.99,1.16,2.66,7.3,12.96,20.4,27.2,29.43,28.1,26.52,22.61,13.9,7.27,3.17,4.92,19.56,29.43,35.09,38.2,36.22,28.58,16.44,15.06,21.68,27.34,32.54,33.68,23.12,18.76,19.36,20.12,17.32,13.1,9.34,6.74,5.58,4.95,5.74,16.19,31.7,43.3,58.58,73.3,96.5,123.1,123.95,104.71,79.24,60.0,45.56,40.47,39.62,40.47,45.0,50.66,52.07,50.66,46.98,42.73,39.62,34.53,28.24,20.94,15.88,21.28,30.0,35.66,38.49,38.77,41.88,43.58,38.49,31.7,25.16,19.24,15.11,12.28,10.24,9.28,8.94,8.21,6.79,5.55,5.24,5.38,4.98,4.44,3.96,3.59,3.31,3.11,3.59,5.66,6.93,7.53,7.56,9.06,14.74,23.72,34.81,49.52,58.3,46.98,37.07,27.71,21.25,18.25,18.06,18.17,17.52,16.39,14.66,12.65,10.73,9.23,8.21,7.92,8.49,8.77,10.19,10.33,10.24,9.9,9.4,8.21,7.44,6.93,6.51,6.2,6.08,5.94,5.83,5.74,5.63,5.66,5.6,5.41,5.43,5.49,5.46,6.23,8.77,11.89,15.28,19.81,19.24,18.4,15.56,12.74,10.47,8.49,7.36,6.23,5.77,5.8,6.59,7.81,8.57,8.38,7.9,7.36,6.93,6.57,6.25,6.31,6.48,6.85,8.07,8.63,9.03,8.86,8.35,7.87,7.47,7.05,6.88,6.62,6.4,6.06,5.72,5.52,5.26,4.98,4.75,4.61,4.58,4.61,5.01,6.37,7.58,8.49,10.07,12.57,14.52
1992,15.23,15.03,14.23,19.78,33.11,40.19,44.71,47.83,45.28,37.92,30.85,25.87,21.96,20.49,20.83,20.52,19.56,17.8,16.07,14.52,13.41,12.71,12.79,18.85,22.13,22.89,21.79,22.64,25.47,28.02,27.73,26.88,24.06,22.64,21.22,18.4,16.13,15.0,13.7,12.65,11.83,11.18,10.73,10.36,10.05,9.82,9.76,9.59,9.74,10.16,10.64,10.56,10.19,10.27,13.3,15.17,17.12,20.35,21.22,17.74,15.76,14.07,12.54,11.26,10.33,10.95,13.07,14.57,14.29,13.19,12.54,12.0,11.01,9.93,9.17,8.55,8.07,7.84,9.14,11.29,12.45,12.59,13.1,13.13,13.87,18.11,20.66,20.89,19.13,17.21,15.23,13.61,12.23,11.04,11.01,11.63,11.69,11.01,10.07,9.2,8.32,7.56,6.99,6.48,5.83,5.29,4.9,4.5,4.16,3.82,3.57,9.62,23.38,28.3,30.0,29.15,25.53,21.2,15.9,11.46,9.06,7.58,6.25,5.15,4.24,3.68,3.45,5.32,8.24,8.72,7.53,5.77,4.41,3.88,3.65,3.57,3.23,2.86,3.34,5.38,7.44,7.1,5.66,4.22,3.2,2.77,2.58,2.55,2.52,2.97,6.2,8.09,7.05,5.32,4.19,3.79,3.54,3.11,2.6,2.49,12.65,21.06,21.99,18.71,14.52,12.2,9.42,7.13,5.69,4.39,3.54,4.67,8.94,9.74,8.46,5.8,3.57,2.66,2.46,2.49,2.38,2.32,2.52,3.0,2.97,2.21,1.98,1.64,1.33,1.08,0.91,0.79,0.65,0.54,0.45,0.4,0.34,0.31,0.31,0.28,0.28,0.27,0.37,1.1,1.73,2.09,1.9,1.75,1.75,1.58,1.19,0.93,0.76,0.65,0.62,1.3,1.98,3.31,2.49,2.21,2.58,3.25,2.94,2.75,7.07,24.2,39.62,76.13,142.07,208.29,265.17,285.83,285.83,248.76,199.8,151.12,107.54,65.37,43.58,30.56,21.71,16.36,12.9,10.53,8.8,7.47,6.51,8.49,11.32,14.72,16.98,17.83,16.98,14.15,11.32,9.9,7.92,6.51,5.94,5.38,5.09,4.5,4.22,6.62,7.78,6.79,5.94,6.34,6.37,5.46,4.81,5.09,5.26,4.78,4.16,3.71,3.96,14.69,23.21,26.21,25.92,24.06,24.34,23.46,20.63,16.13,12.23,9.82,8.18,6.88,6.03,5.26,4.67,4.24,3.96,3.82,3.76,3.59,3.45,3.25,3.17,3.06,2.94,2.83,2.77,2.8,3.42,4.56,5.94,7.7,9.65,12.34,13.92,14.09,13.19,12.03,11.52,11.43,11.6,13.5,13.19,14.26,14.89,14.46,13.02,11.97,11.66,11.35,13.27,20.46,41.88,72.16,100.18,103.3,89.99,74.99,60.84,49.24,39.34,31.7,26.18,22.84,20.55,26.01,53.77,87.73,109.52,109.24,95.37,77.82,58.58,45.56,36.79,30.56,27.48,25.41,24.03,22.87,21.48,20.4,19.13,19.81,24.51,26.94,28.3
1993,28.58,27.88,26.63,25.05,28.13,43.02,61.98,92.54,131.03,156.5,178.29,199.52,188.76,159.61,131.31,104.71,82.35,69.05,59.71,52.64,45.85,41.04,38.49,36.79,35.94,34.81,33.68,32.83,31.41,29.72,27.59,25.33,22.95,20.89,19.39,18.17,17.32,16.73,25.24,37.07,39.62,38.49,37.07,36.79,36.51,35.09,32.83,31.41,29.43,27.37,25.47,24.0,22.95,22.3,21.31,20.43,20.72,24.56,26.6,26.6,25.44,24.2,31.13,43.58,50.37,52.07,51.79,48.11,42.73,36.51,29.43,29.43,40.47,45.28,46.41,47.54,54.05,59.15,59.15,55.18,48.39,40.75,35.66,36.79,38.2,37.64,39.34,40.47,39.05,37.07,33.96,30.28,27.17,24.03,22.98,32.83,39.34,43.02,44.43,48.39,56.6,59.15,54.9,47.83,39.62,36.51,45.56,52.07,51.51,47.83,41.32,35.94,30.56,25.81,21.51,19.24,26.29,27.99,25.72,23.04,19.84,16.44,13.36,11.01,9.51,8.8,9.28,9.4,8.69,7.7,6.68,5.8,4.98,4.36,3.93,3.62,3.31,3.06,2.83,2.72,2.69,2.58,2.38,2.18,2.04,1.9,1.73,1.61,1.64,1.64,1.7,2.75,4.61,5.49,4.81,3.59,3.11,2.89,2.49,2.18,1.92,1.61,1.39,1.7,1.78,2.49,2.75,2.35,1.9,1.67,2.26,1.9,1.27,1.13,0.91,0.91,0.88,0.76,0.96,0.93,2.12,2.01,1.36,1.25,1.13,1.19,1.27,1.22,1.08,0.99,0.85,0.76,0.68,0.85,0.93,0.79,0.62,0.57,0.59,1.08,1.44,1.19,0.88,1.78,3.34,3.57,4.5,5.6,4.41,2.49,1.58,0.96,0.62,0.45,0.37,0.45,0.45,0.62,1.02,1.36,1.64,1.81,1.42,1.36,1.22,1.53,2.77,3.06,2.97,2.75,2.8,2.38,1.73,1.22,1.1,1.02,0.85,0.68,0.54,0.45,0.37,0.34,0.31,0.31,0.28,0.27,0.27,0.74,1.58,2.89,4.64,4.5,3.79,2.75,2.12,1.67,1.22,0.93,0.79,1.39,3.99,5.07,4.08,3.23,2.66,2.35,2.09,1.81,1.53,1.22,1.05,0.91,0.82,0.76,0.71,0.65,0.62,0.57,0.51,0.48,0.54,0.59,0.68,0.88,1.13,1.02,0.85,0.74,0.62,1.13,1.42,1.7,2.26,1.98,1.42,1.3,1.13,1.02,2.83,4.78,7.44,8.07,8.6,10.81,11.07,10.53,10.19,9.62,9.08,8.72,9.17,8.97,7.95,6.85,6.06,5.09,4.81,4.53,3.93,3.54,3.25,3.06,2.94,2.94,3.0,2.97,2.89,2.8,2.8,2.77,2.91,5.66,9.62,10.47,9.96,9.71,9.54,9.25,8.69,8.15,7.56,6.93,6.4,5.94,6.57,7.84,8.26,8.46,9.59,11.12,11.72,11.63,11.26,10.7,11.38,12.57,13.39,15.06,15.88,15.93,15.4,14.4,13.58,13.02,12.45
1994,11.46,12.93,15.68,17.4,18.48,18.08,17.38,16.9,16.1,14.15,13.36,16.67,27.08,30.56,30.28,29.15,26.6,29.72,35.38,36.22,35.09,31.98,28.58,25.89,23.23,20.74,18.45,17.74,23.29,27.28,31.7,35.66,36.22,34.81,31.41,28.3,25.33,22.67,20.29,18.4,16.87,16.58,23.97,28.1,28.58,27.17,25.05,22.56,20.15,17.94,16.05,14.6,13.5,12.59,14.35,17.94,18.56,18.28,17.94,17.32,25.58,58.86,101.6,112.63,84.9,79.24,67.92,56.6,50.94,39.34,31.41,27.56,17.29,16.87,18.54,19.1,16.78,14.66,14.63,14.04,12.51,11.15,10.13,9.9,11.6,12.23,12.37,15.34,18.59,20.15,21.08,20.72,20.09,19.58,17.86,15.88,13.78,11.86,10.7,9.79,9.25,8.07,7.27,8.12,8.38,8.97,9.74,9.4,8.6,7.58,6.51,5.46,4.64,4.1,3.62,3.23,2.89,2.6,2.35,2.09,1.9,1.7,1.56,1.95,2.63,3.51,3.93,3.99,4.56,4.5,4.16,3.54,2.91,2.46,2.09,1.81,1.58,1.33,1.08,0.93,0.88,0.85,0.76,0.71,0.65,0.59,0.76,0.76,0.62,0.57,0.51,0.48,0.42,0.42,0.4,0.37,0.31,0.31,0.31,0.37,0.37,0.42,0.48,0.76,0.96,1.02,0.96,0.82,0.59,0.45,0.48,0.45,0.37,0.42,0.42,0.42,0.34,0.37,0.37,0.34,0.42,0.45,0.57,0.74,0.79,0.71,0.99,1.25,1.5,1.92,1.61,0.93,0.68,0.71,0.57,0.76,0.62,0.48,0.4,0.4,0.65,1.08,0.91,1.78,5.26,4.08,3.54,3.45,3.06,3.14,3.96,3.82,4.05,5.15,7.07,8.49,7.92,7.07,5.66,4.53,3.96,2.83,2.26,1.7,2.26,2.83,4.53,4.24,5.66,11.32,16.98,18.79,16.7,14.6,12.0,9.51,7.02,4.95,3.74,3.23,2.91,2.58,2.35,2.24,3.0,5.21,8.77,10.07,10.16,9.79,9.11,8.04,5.89,4.02,2.97,2.35,1.98,1.61,1.27,1.02,1.13,5.74,7.92,6.08,5.32,5.74,4.98,3.76,3.03,2.55,2.15,1.84,1.5,1.19,0.93,0.85,0.85,0.79,0.76,0.68,0.62,0.57,0.59,0.54,0.45,0.45,5.63,18.03,23.89,23.66,22.24,18.59,14.72,11.38,9.28,8.49,6.51,5.32,4.53,3.91,3.48,3.17,2.86,2.63,2.49,2.38,2.24,2.12,2.09,2.01,1.84,1.78,1.75,1.7,1.67,1.58,1.56,1.53,1.75,1.61,2.75,4.19,4.7,4.56,4.39,5.01,6.65,8.09,9.93,10.67,10.58,12.06,12.93,13.87,14.04,13.3,12.4,11.4,11.69,14.49,15.51,15.71,14.57,12.96,12.25,14.18,14.72,14.35,13.84,12.85,12.31,12.99,12.93,12.03,11.09,10.3,13.1,22.64,26.09,25.07,23.04,19.7,16.02,13.1,11.24
1995,10.27,9.74,9.25,8.63,8.12,7.58,12.59,22.16,25.47,25.75,24.37,22.24,20.29,18.23,18.37,25.7,29.15,29.15,27.88,26.86,26.77,25.78,23.6,22.33,21.11,19.81,18.56,17.69,20.21,22.05,22.53,21.85,20.55,19.22,18.62,18.79,17.86,16.47,15.54,14.52,13.7,18.48,27.93,32.26,33.11,31.7,35.94,49.52,71.88,109.24,129.33,131.31,125.09,112.92,89.43,65.09,47.54,36.51,29.43,28.3,39.34,50.37,56.03,58.02,63.11,65.09,62.83,71.88,82.07,80.66,71.32,58.86,47.54,38.77,32.83,27.76,24.28,21.93,19.89,18.37,17.49,16.75,16.05,15.23,14.32,13.47,13.33,14.04,13.95,13.67,13.07,12.37,11.6,10.9,10.39,9.85,9.37,9.03,8.55,8.04,7.44,6.91,6.71,6.51,6.03,5.58,5.12,4.73,4.39,4.1,3.76,3.42,3.11,2.83,2.72,2.77,2.83,2.72,2.55,2.38,2.21,2.09,2.01,1.84,1.7,1.58,1.42,1.27,1.13,1.1,1.58,1.84,1.92,2.21,2.94,2.94,2.58,2.15,1.92,1.75,1.75,1.81,1.64,1.22,0.96,0.85,1.13,1.42,1.98,2.55,3.4,4.53,5.09,3.96,5.09,5.66,7.36,8.49,13.02,22.64,33.96,50.94,67.92,73.58,79.24,84.9,73.58,62.26,56.6,50.94,56.6,62.26,55.75,46.13,39.34,37.36,39.05,46.7,71.6,113.2,122.82,115.18,103.3,86.03,67.07,52.64,46.98,45.0,44.71,43.3,38.49,33.11,26.8,22.02,17.06,13.73,11.55,9.65,9.28,8.46,9.76,10.81,14.04,18.25,17.66,14.55,12.08,11.38,10.24,9.59,8.69,8.26,7.58,5.77,4.67,4.3,4.27,4.27,3.51,2.86,2.6,2.43,2.32,2.15,2.07,1.98,1.78,1.5,1.25,1.08,0.93,0.82,0.74,0.65,0.62,0.57,0.54,0.59,1.02,1.47,2.01,2.01,2.01,1.87,1.56,1.19,0.96,0.85,0.74,1.08,1.73,1.9,1.61,1.25,0.99,0.85,0.76,0.68,0.65,0.85,1.95,2.41,1.92,1.53,1.39,1.92,3.31,3.51,3.2,3.45,3.85,3.76,3.06,2.46,2.04,1.7,1.64,2.18,3.31,8.57,18.96,21.9,17.94,15.68,14.8,13.27,11.01,19.1,28.1,28.3,24.51,19.61,14.83,11.8,10.24,9.17,8.29,7.22,6.03,5.26,7.36,9.85,9.25,8.26,10.02,14.89,18.0,17.83,15.85,13.75,12.74,22.67,27.59,26.26,24.11,22.67,21.0,20.32,20.77,19.78,17.89,16.22,15.14,14.18,13.3,12.25,11.18,10.27,9.74,9.54,9.4,9.11,8.83,8.57,8.38,8.24,8.04,7.73,7.56,7.36,7.56,8.6,9.51,10.92,12.08,12.76,13.22,13.05,12.48,11.8,10.75,10.19,9.9,11.89,14.15,15.56,14.15,13.58,13.02,12.45,11.89,11.32,10.75,10.19,9.62
1996,10.19,11.89,10.75,10.7,10.41,10.02,10.87,14.72,16.5,16.87,16.24,16.24,17.09,16.9,16.19,15.14,14.23,13.7,18.28,24.73,25.36,23.29,21.54,19.19,18.11,17.06,18.68,28.27,30.85,29.43,29.43,32.54,33.11,35.09,37.07,35.38,32.26,30.28,28.87,27.37,25.36,23.15,21.9,20.89,19.47,18.11,16.98,16.16,15.28,14.43,13.9,15.93,18.51,19.89,19.98,19.24,18.14,16.9,15.42,12.85,13.61,15.54,15.42,14.8,14.07,17.72,39.34,59.43,73.01,68.77,60.0,52.64,45.85,37.64,29.72,25.22,23.77,24.45,25.33,25.19,23.94,21.54,18.99,16.73,15.23,14.63,15.48,27.14,31.41,32.54,37.92,43.3,43.3,40.19,35.09,28.58,24.73,22.24,20.12,18.17,16.3,14.66,13.3,12.2,11.29,11.09,11.72,14.38,14.46,12.25,10.24,9.06,8.18,7.53,7.07,6.76,6.57,6.14,5.8,5.86,7.56,9.08,9.54,8.94,8.12,7.39,7.44,7.7,7.44,6.2,5.12,10.36,12.82,9.71,7.05,5.69,5.26,4.84,4.3,3.68,3.14,2.75,2.49,2.15,1.98,1.78,1.61,1.92,3.51,4.95,5.21,4.47,3.54,2.8,2.29,1.95,1.67,1.7,1.87,2.49,6.51,17.01,40.19,47.26,38.2,26.4,22.1,20.38,12.99,9.99,19.56,25.02,20.86,13.81,8.69,5.94,9.93,9.71,8.26,6.71,7.1,8.41,6.57,11.12,14.4,10.53,7.19,4.95,3.85,3.08,2.97,12.14,19.07,38.49,59.15,86.03,99.9,93.67,73.01,54.05,41.6,33.11,25.16,19.13,18.65,19.84,26.52,29.72,29.43,27.45,26.09,25.84,25.81,25.05,23.18,26.09,27.85,28.05,29.72,32.83,30.56,25.27,20.52,16.58,15.73,17.46,23.01,24.85,22.41,21.99,22.5,20.63,16.44,13.87,11.55,9.59,8.18,7.56,6.85,6.34,7.81,13.41,15.62,12.68,9.45,7.39,7.92,10.9,77.26,202.91,268.0,270.26,255.83,249.04,250.17,260.08,250.74,223.0,194.99,177.16,156.78,139.52,119.43,93.11,79.24,82.64,85.18,79.24,67.35,56.88,47.54,40.19,35.94,33.11,31.13,29.72,28.58,27.54,26.55,25.27,37.92,128.2,206.87,227.82,219.04,195.84,168.67,141.5,114.05,82.92,65.09,50.94,45.28,39.62,32.83,30.56,29.43,28.1,26.4,24.54,22.89,21.51,20.26,19.16,18.06,17.23,16.84,16.56,16.58,17.49,19.47,21.79,24.79,26.63,26.91,26.04,24.56,22.92,21.2,19.58,18.45,17.83,17.83,18.03,17.91,21.42,25.24,26.74,27.17,27.73,27.62,26.8,25.55,24.06,23.23,27.45,29.72,30.0,29.72,30.56,33.11,38.77,45.0,48.11,47.54,45.0,40.75,37.07,33.39,30.0,28.1,26.29,26.49,30.28,33.11,34.24,35.09,34.81,33.68,31.7,30.28,29.43,27.93,26.35,24.79
1997,23.94,28.87,33.11,34.81,34.24,33.11,31.13,29.43,29.43,35.66,40.75,44.43,44.43,41.6,38.2,37.36,40.47,43.58,43.02,41.04,38.49,36.22,33.96,31.7,30.56,29.72,28.58,27.39,26.12,25.24,25.05,24.71,24.25,23.63,22.89,22.64,22.61,22.05,21.73,23.38,24.51,25.02,25.13,24.51,27.68,40.19,52.07,60.56,61.69,59.43,55.47,50.37,46.7,43.86,40.19,37.36,34.81,31.7,29.43,29.15,30.0,30.28,31.13,31.7,30.56,28.87,26.38,24.11,22.22,20.57,18.99,17.6,20.46,35.66,41.6,43.3,43.02,42.73,41.32,39.62,38.2,36.22,32.26,28.87,25.98,23.43,21.62,20.4,19.27,18.37,17.91,18.08,18.31,17.77,16.53,15.2,13.92,12.82,11.89,11.07,10.39,9.93,10.02,9.99,9.79,9.57,9.31,9.08,8.89,8.6,8.32,8.24,11.26,16.05,16.95,16.9,15.9,16.98,23.57,27.59,29.43,30.0,30.56,30.0,27.54,24.22,20.55,17.18,14.57,12.79,11.43,10.33,9.76,9.54,8.91,8.29,7.7,7.05,6.4,5.89,5.43,4.95,4.56,4.27,4.05,3.93,4.47,4.67,5.04,5.26,5.12,5.09,4.98,5.01,5.97,7.39,7.9,7.7,7.27,6.74,6.17,5.58,5.04,4.58,4.33,4.05,3.91,3.85,3.71,3.54,3.4,3.34,3.23,3.0,2.86,3.31,4.16,3.34,2.75,2.49,2.29,2.12,2.04,2.72,6.25,6.34,4.61,3.76,5.29,6.37,5.77,5.09,5.63,5.07,4.3,3.74,3.06,2.75,2.86,2.77,2.58,2.58,2.63,3.2,3.17,3.51,4.19,5.55,6.85,7.07,7.27,10.07,13.5,16.27,15.93,12.62,9.51,7.61,7.05,7.5,7.33,6.54,5.72,4.81,3.74,2.97,2.63,2.38,2.55,3.06,2.94,3.03,3.17,4.44,6.06,6.06,4.92,3.85,3.14,2.72,2.38,2.12,1.87,1.61,1.36,1.16,1.02,0.93,0.91,0.99,1.13,1.16,1.02,1.02,0.93,0.93,1.53,5.49,20.52,27.93,27.79,25.24,20.4,15.0,11.91,9.79,7.44,6.03,7.13,8.26,9.54,11.89,12.79,13.05,12.74,11.32,9.31,7.41,5.66,4.84,3.51,2.43,1.78,1.36,1.1,0.93,0.76,0.68,0.62,0.59,0.59,0.76,1.61,2.26,2.75,3.4,3.65,3.54,3.11,5.12,6.03,6.45,7.07,7.27,9.25,14.35,18.45,21.06,22.58,22.72,21.28,18.85,16.39,14.32,12.71,11.32,10.92,13.78,17.38,19.58,20.94,22.22,23.26,23.91,24.17,23.38,21.45,18.56,15.79,13.78,12.42,11.29,10.39,14.04,26.63,33.39,37.64,39.9,39.62,37.07,33.68,30.56,28.02,25.64,23.52,22.53,23.18,23.32,22.87,21.85,20.46,18.93,17.4,16.02,14.89,14.4,17.89,20.89,29.15,35.94,43.02,52.36,59.15,63.11,63.39
1998,61.69,55.18,48.39,41.6,36.22,32.26,32.26,32.83,37.36,42.45,45.85,46.41,48.11,51.22,51.51,51.22,52.92,55.18,56.88,60.0,62.54,63.39,68.2,86.6,111.78,123.1,121.41,123.39,128.48,132.16,124.52,112.92,101.88,90.28,99.33,133.01,165.84,175.18,169.52,156.22,137.82,116.03,94.52,75.28,60.84,50.66,44.15,75.28,168.1,226.68,230.08,209.99,182.54,155.65,131.31,109.24,87.73,69.62,55.75,46.98,40.75,37.07,34.53,32.54,30.56,28.58,27.34,36.51,50.37,75.28,89.14,98.77,110.94,106.69,87.45,63.96,47.26,42.45,49.24,58.86,66.22,69.9,67.07,63.11,57.73,50.37,42.73,36.79,32.54,29.43,26.63,24.48,23.38,25.24,28.1,29.72,31.13,32.83,39.05,58.58,85.47,101.03,94.52,79.52,63.39,50.66,43.02,38.49,34.53,31.13,28.16,25.78,29.43,33.96,34.81,32.26,29.72,27.34,25.67,24.08,22.24,20.09,18.11,16.95,24.37,30.0,28.58,26.6,24.82,22.61,20.86,21.06,22.33,23.72,24.82,24.99,22.78,20.69,18.85,16.16,14.12,12.59,11.66,14.38,15.4,14.74,12.62,16.39,17.43,16.92,15.34,13.53,11.8,10.47,9.57,9.03,8.91,9.0,8.91,8.43,7.78,7.39,6.88,6.4,6.2,5.52,4.92,4.41,3.59,2.91,2.46,3.14,2.75,2.12,1.84,1.7,1.39,1.19,1.02,0.91,0.82,0.76,0.71,0.68,0.74,0.71,0.62,0.59,0.59,0.54,0.51,0.48,0.45,0.48,0.59,0.62,0.65,1.19,6.42,6.14,3.62,2.21,1.47,1.05,0.82,0.76,1.61,4.95,7.78,6.76,4.44,3.25,6.45,6.28,5.12,4.02,2.69,1.9,1.42,1.13,0.91,1.16,1.36,1.27,2.49,3.57,3.23,2.6,2.55,4.9,5.15,4.05,3.0,2.29,1.73,1.22,0.88,2.8,52.92,155.65,196.4,179.7,154.8,129.61,104.71,79.81,74.15,77.26,80.37,75.28,66.79,54.34,40.47,30.85,24.59,19.56,15.93,13.3,11.26,9.65,8.46,7.7,7.02,6.31,5.63,4.98,4.44,3.79,3.2,2.72,2.38,2.15,1.92,1.9,2.24,1.87,1.61,1.5,1.5,1.98,2.77,3.91,4.73,4.56,3.79,3.08,2.55,2.26,2.07,1.84,1.64,1.44,1.36,1.3,1.16,1.33,1.13,1.05,1.02,0.96,0.91,0.91,0.91,0.88,0.82,0.79,0.76,0.74,0.71,0.71,0.82,0.88,0.88,0.85,0.85,0.88,0.88,0.93,0.99,1.05,1.33,1.78,2.07,5.24,8.09,8.63,8.24,7.67,6.85,6.34,6.96,6.74,6.25,5.74,5.21,4.7,4.24,3.76,3.45,3.2,3.11,2.94,2.8,2.69,2.58,2.55,3.54,6.54,8.04,10.73,16.81,19.5,19.56,18.54,17.38,16.16,14.77,13.33,13.47,17.01,24.45,28.3,31.7,32.83,31.7
1999,29.43,26.21,29.15,36.51,38.77,35.66,32.26,28.87,27.37,28.58,30.0,29.72,27.71,25.36,27.59,37.36,45.0,48.39,49.52,48.68,47.54,45.85,41.6,50.66,88.3,131.6,144.33,145.46,144.05,132.73,110.65,83.48,61.41,54.05,52.92,50.66,45.28,38.77,33.39,29.43,26.8,24.51,22.61,21.62,21.08,20.46,19.81,19.02,18.59,19.61,21.06,22.05,22.22,21.56,20.38,19.02,17.83,16.81,16.16,16.9,17.23,17.29,17.69,18.14,17.97,17.12,15.79,14.72,14.38,14.09,13.78,13.39,13.27,18.54,22.22,22.5,21.06,19.5,18.0,17.6,20.6,20.97,19.61,17.91,19.87,23.97,25.64,24.62,22.19,19.47,17.49,17.94,17.23,16.1,14.83,13.67,12.76,12.0,11.29,10.56,9.88,9.45,9.74,9.96,9.82,10.44,14.38,17.32,17.8,16.81,14.72,12.45,10.81,9.71,8.8,8.01,7.3,6.76,7.19,9.25,16.33,25.39,28.87,29.15,26.74,22.5,18.79,16.27,14.04,12.14,10.47,9.11,8.38,13.16,22.92,24.59,23.77,20.72,17.21,14.09,11.86,10.24,8.86,7.81,6.91,5.74,4.73,3.91,3.2,2.63,2.18,1.84,1.56,1.36,1.22,1.05,0.93,0.85,0.76,0.74,0.71,0.68,0.68,0.62,0.65,0.65,1.1,6.96,10.67,11.01,10.64,11.12,12.65,14.32,13.7,11.18,8.72,8.18,8.12,7.58,6.54,6.14,6.85,5.94,4.7,3.62,2.72,2.07,1.58,1.3,1.64,1.64,1.58,6.06,13.73,24.17,34.24,38.49,35.38,26.77,17.55,11.49,8.49,6.68,4.92,6.23,7.5,7.02,5.94,4.39,3.0,2.12,1.61,1.27,1.02,0.82,0.74,0.68,0.65,0.65,0.65,0.59,0.57,0.65,0.65,0.62,0.68,0.91,1.64,2.09,5.12,8.72,8.49,8.91,7.84,6.82,5.66,5.18,8.18,13.81,19.64,23.06,27.28,25.64,21.96,18.14,14.97,29.43,52.36,69.05,68.2,65.37,63.68,57.73,50.66,43.58,40.19,69.9,325.45,795.23,846.17,735.8,605.62,492.42,384.88,302.81,238.85,193.01,157.35,131.88,115.18,104.71,101.88,108.67,111.5,110.94,110.09,106.97,97.92,83.48,67.07,51.79,41.32,34.81,31.7,32.26,33.96,35.09,34.81,38.77,81.22,143.2,173.2,201.78,216.5,200.93,168.1,136.97,110.09,85.75,65.37,50.09,40.75,34.81,31.13,30.85,37.92,41.32,41.88,42.17,41.04,39.05,37.36,35.66,33.39,30.85,28.22,25.5,23.12,21.25,19.78,18.56,17.57,16.87,16.3,16.9,18.23,18.48,18.4,18.56,20.09,21.56,22.22,21.71,20.72,19.58,18.48,17.38,16.39,15.68,15.54,15.28,15.03,14.55,14.09,13.64,13.3,13.16,13.13,13.1,13.24,13.61,14.07,15.28,16.24,17.18,18.31,18.93,18.93,18.2,17.26,16.22,15.25,14.38,13.61
2000,12.96,12.4,11.94,11.66,11.72,11.77,11.91,12.4,12.62,14.01,20.69,24.42,25.75,25.33,23.29,21.42,19.84,18.48,17.6,17.83,18.68,18.62,20.26,30.56,47.54,71.88,89.99,93.96,90.28,83.77,83.48,88.3,90.28,85.18,78.39,71.03,63.11,53.77,44.43,37.36,32.26,28.87,26.32,25.47,28.3,33.96,38.49,41.32,42.45,41.6,39.9,37.36,34.24,31.13,28.07,25.13,22.72,21.06,19.75,17.49,16.58,15.62,14.77,14.21,13.61,12.93,12.31,11.86,11.38,10.98,12.2,13.05,12.62,12.08,12.28,26.46,40.75,50.66,65.94,84.33,92.54,89.43,80.09,69.9,56.88,45.85,39.62,35.38,32.54,31.13,30.0,28.13,24.96,21.62,18.79,16.61,14.94,13.61,13.02,12.93,12.99,13.02,13.58,16.02,21.48,31.98,37.36,40.19,44.43,45.85,43.58,40.47,37.92,34.24,30.56,27.59,24.45,22.64,24.2,25.89,26.86,26.15,23.89,20.77,17.4,14.57,12.37,10.7,9.31,8.21,7.27,6.25,5.32,4.44,3.57,2.94,2.6,2.32,2.07,1.87,1.67,1.73,3.34,5.77,6.2,5.29,3.99,3.34,3.31,3.65,3.96,4.24,4.36,4.13,6.23,9.59,13.44,16.95,18.9,18.56,15.71,12.51,10.87,9.57,8.01,6.37,4.75,4.95,5.8,5.15,3.68,3.88,4.92,7.98,11.52,11.77,10.3,8.57,6.34,4.56,4.27,4.75,4.33,3.71,2.86,2.26,2.35,2.55,2.83,2.63,2.43,2.18,1.78,1.47,1.3,1.25,1.25,1.16,1.08,1.05,0.96,0.85,2.09,8.72,16.98,20.86,37.07,62.83,84.62,73.58,56.6,42.45,32.83,27.51,23.63,22.3,22.19,21.28,19.87,19.05,18.14,16.67,14.21,11.6,10.3,10.22,9.59,8.35,7.1,5.89,4.73,3.99,3.08,2.43,2.01,1.75,1.58,1.7,2.12,2.24,3.42,4.73,10.07,12.45,13.41,14.83,16.05,22.02,29.43,32.54,34.53,35.09,34.81,33.39,30.85,26.06,19.78,14.8,11.6,9.42,11.24,28.3,33.39,31.7,28.58,30.85,43.86,53.77,61.13,65.66,66.5,64.24,55.75,48.68,41.88,36.22,31.13,26.38,21.82,18.0,14.97,12.79,11.26,10.05,9.17,8.43,7.92,7.41,6.91,6.48,5.97,5.66,5.24,4.81,4.47,4.16,3.88,3.45,3.2,3.0,2.94,2.83,2.72,2.66,2.58,2.52,2.52,2.52,2.49,2.49,2.6,2.63,2.69,2.63,2.55,2.46,2.43,2.49,2.97,3.93,4.67,5.35,6.25,8.41,10.3,11.4,12.03,12.08,11.97,16.53,19.22,20.18,19.73,17.91,15.88,14.23,13.61,14.63,15.93,16.56,16.27,15.59,14.77,14.4,15.0,15.65,16.56,17.26,18.71,18.85,18.59,17.74,16.44,15.37,14.29,13.44,12.74,12.06,11.4,10.87,10.47,10.81,11.55,11.69,11.55
2001,11.18,10.81,10.44,10.05,9.71,9.57,9.45,9.28,9.17,9.0,8.77,8.55,8.55,8.55,8.57,8.8,9.06,8.91,8.83,9.03,9.99,10.67,10.81,10.61,10.3,9.76,9.17,8.69,8.41,8.09,8.04,7.98,7.78,7.64,7.67,10.07,12.76,13.9,13.84,13.05,12.03,10.98,10.22,11.01,12.03,12.48,12.62,13.36,16.81,18.82,19.39,18.59,17.91,22.22,24.14,24.39,23.72,22.05,20.35,19.53,18.31,17.09,21.28,29.15,31.13,30.0,27.62,24.25,21.08,18.31,16.13,14.83,13.64,13.44,17.91,19.98,20.21,18.65,17.09,64.24,131.31,158.2,157.35,145.46,126.78,103.86,79.24,58.58,50.94,49.81,52.07,53.77,50.94,46.41,41.88,38.2,34.24,30.85,27.68,24.65,22.05,19.78,17.97,16.41,14.97,13.81,12.88,12.28,11.89,11.38,10.92,10.3,9.68,9.03,8.74,9.28,9.96,10.13,9.74,8.83,8.07,7.56,6.99,6.45,6.0,5.35,4.64,3.99,3.34,2.91,2.6,2.38,2.86,3.28,3.11,4.47,5.63,5.89,6.17,6.06,5.41,4.56,3.76,3.14,2.63,2.21,2.26,3.03,6.03,9.76,10.84,10.53,21.9,30.85,32.54,31.41,26.8,19.16,13.05,10.3,9.42,9.06,8.18,7.3,6.62,9.11,15.62,22.58,26.32,28.58,29.15,27.82,26.43,24.93,23.46,21.06,17.86,14.35,11.8,10.47,9.62,8.66,7.47,6.25,5.26,4.7,4.5,3.85,3.08,2.49,2.29,2.15,2.01,1.95,1.64,1.39,1.22,1.05,0.96,0.82,0.74,0.71,0.71,0.68,0.85,0.91,1.16,1.73,2.01,2.8,9.71,19.67,25.53,27.05,24.9,21.93,18.99,15.88,12.85,9.65,7.39,5.91,4.3,4.24,8.49,11.32,15.56,18.4,18.23,18.03,26.97,32.83,36.22,37.07,37.07,37.36,37.36,36.22,32.83,27.73,21.45,16.98,14.29,14.29,13.98,13.39,12.11,10.75,9.74,8.89,8.26,7.75,7.36,7.81,7.98,7.92,7.73,7.19,6.08,4.84,3.91,3.11,2.8,2.83,2.8,2.75,2.72,3.34,4.24,4.95,5.24,5.41,5.43,5.09,4.78,4.36,3.76,3.28,2.94,2.83,3.76,4.13,4.41,4.53,4.33,3.91,3.45,3.08,2.73,2.44,2.22,2.05,1.91,1.82,1.71,1.59,1.49,1.39,1.31,1.23,1.16,1.16,1.11,1.06,1.02,0.99,0.98,0.98,0.86,0.86,0.9,0.82,0.83,0.82,0.87,0.82,0.82,0.85,0.88,0.89,0.91,0.91,0.91,0.93,0.96,0.96,0.97,1.18,1.84,2.49,3.06,3.45,3.68,3.68,3.51,3.34,3.14,3.06,2.97,2.86,2.83,2.73,2.55,2.43,2.43,2.83,3.11,3.14,3.23,3.31,3.14,3.14,3.34,3.28,3.06,2.8,2.6,2.51,2.46,2.44,2.38,2.3,2.2,2.16,2.14
2002,2.03,2.16,2.5,3.31,4.3,6.06,12.25,15.85,18.76,18.85,17.4,15.48,15.62,16.87,17.57,17.77,16.95,15.68,14.32,13.67,13.22,13.47,14.69,23.89,30.0,32.83,33.39,32.54,31.7,30.56,27.03,22.3,18.23,15.4,13.56,12.06,10.78,12.2,20.12,25.44,27.37,27.76,26.86,25.44,23.83,21.71,19.39,17.43,15.68,14.12,12.74,12.48,13.22,13.44,12.93,12.03,10.95,9.9,9.08,8.43,8.35,42.45,69.9,77.82,71.32,60.0,44.71,32.83,25.39,20.4,17.18,18.48,28.58,35.09,39.34,40.75,40.47,39.62,37.36,37.36,37.36,34.53,30.0,25.89,22.75,22.39,22.81,23.01,21.82,19.89,22.16,26.12,29.72,34.24,37.07,36.22,33.96,31.13,25.61,19.81,16.39,14.35,12.9,11.94,11.49,11.01,10.36,9.37,9.06,14.38,21.51,26.72,29.72,28.02,21.99,15.51,11.72,9.68,8.32,7.19,6.28,5.41,4.64,4.13,4.73,5.91,6.34,6.23,5.63,4.73,3.93,3.37,2.94,2.86,3.14,2.94,2.68,2.46,2.52,3.11,3.11,2.97,2.77,2.5,2.33,2.06,1.81,1.61,1.44,1.35,1.3,1.32,1.32,1.37,1.33,1.22,1.1,2.06,1.65,1.22,1.02,0.9,0.83,0.74,0.73,1.61,1.38,1.17,1.07,1.05,0.95,0.8,0.88,4.19,3.99,2.89,2.54,2.16,2.29,2.65,3.31,2.94,2.26,1.7,1.3,1.03,0.94,1.24,1.27,0.97,0.83,1.05,1.3,1.13,1.35,1.76,1.56,1.38,1.38,1.33,1.08,0.85,0.73,0.64,0.59,0.62,1.04,1.41,2.48,3.2,3.68,4.33,5.38,6.11,6.14,5.41,4.53,3.93,3.37,2.78,2.21,1.8,1.48,1.23,1.03,0.88,0.82,0.75,0.69,0.64,0.63,0.6,0.59,0.58,0.57,0.55,0.56,0.6,0.61,0.81,1.04,1.27,2.01,3.23,4.53,6.79,10.36,12.42,12.74,11.97,10.78,9.54,8.12,6.96,6.37,5.52,4.78,4.24,3.91,3.62,3.23,2.89,2.57,2.27,2.01,1.91,2.83,2.52,2.35,2.56,2.4,2.11,1.82,1.6,1.42,1.29,1.2,1.09,1.0,0.93,0.87,0.81,0.76,0.77,0.88,1.36,1.49,2.51,4.08,4.58,4.67,4.61,4.13,3.06,2.32,1.98,1.76,1.6,1.55,1.5,1.46,1.47,1.91,2.89,3.54,3.93,3.76,3.54,3.34,3.54,4.16,4.53,4.67,4.73,4.61,4.73,6.82,10.53,12.03,13.3,15.85,20.06,22.16,23.01,22.81,21.88,20.35,18.76,17.35,16.02,14.55,13.07,11.86,10.81,9.88,9.0,8.26,7.7,8.09,10.1,11.4,11.89,11.97,11.89,12.45,13.3,13.92,16.81,17.72,17.86,16.92,15.71,14.63,14.52,15.14,15.34,15.03,14.55,17.06,18.51,18.56,17.69,16.67,15.62,14.6
2003,14.35,15.99,16.73,17.26,16.98,16.56,15.62,14.57,13.75,12.93,12.2,11.55,11.01,10.56,10.16,9.62,9.37,9.34,9.2,9.11,9.0,9.06,9.0,8.72,8.26,8.52,8.55,8.46,8.21,8.38,9.31,9.9,10.07,9.9,9.71,9.42,9.08,11.07,15.42,16.81,17.77,21.59,22.89,21.85,20.01,17.91,16.78,30.56,41.04,45.0,44.43,41.32,36.79,37.64,39.05,37.92,34.81,31.98,33.68,35.38,35.94,35.94,34.81,32.54,32.83,35.94,37.64,36.79,34.81,31.98,31.13,32.26,32.83,30.56,26.94,27.11,29.72,30.0,32.26,52.36,82.35,106.69,111.78,103.58,88.58,71.88,55.75,42.45,33.96,30.56,27.73,25.05,22.81,20.89,19.41,18.2,17.18,19.36,31.41,61.13,101.03,136.97,146.59,141.78,129.33,110.09,86.03,61.98,44.43,33.68,26.77,22.95,20.74,18.65,16.98,17.06,18.25,17.86,16.9,15.79,14.52,13.07,11.74,10.92,10.39,10.05,11.6,12.93,13.16,12.96,12.59,11.63,10.64,9.93,9.2,8.26,7.44,6.76,6.59,7.33,7.3,7.22,16.56,39.62,54.05,61.13,68.49,85.47,99.62,100.75,93.96,84.33,72.45,63.11,56.6,52.36,45.28,38.49,35.66,34.24,30.56,25.33,20.63,17.32,14.72,12.37,12.71,31.13,45.85,94.24,121.41,123.1,105.84,85.47,70.47,58.58,46.13,34.24,23.49,16.61,13.16,11.12,18.11,59.43,91.41,104.14,105.28,116.31,119.43,106.12,84.05,58.86,40.47,34.81,51.79,88.86,134.99,154.52,146.31,131.31,138.39,147.16,145.74,125.09,107.82,108.11,104.99,88.3,67.92,48.96,34.53,26.29,23.8,26.21,25.78,22.89,31.98,37.07,37.64,37.36,36.79,43.02,62.54,73.01,71.6,64.81,56.32,46.7,44.15,49.52,51.22,52.07,53.77,52.92,46.41,37.07,29.15,23.04,18.06,14.49,12.0,10.07,8.49,7.1,6.08,5.38,4.84,5.86,6.06,5.94,5.8,5.55,5.18,4.9,4.61,4.36,4.16,3.99,3.79,3.54,4.02,7.24,8.89,9.14,8.97,10.78,14.6,13.1,11.29,10.58,13.84,14.07,11.57,10.22,9.0,7.73,6.65,5.69,4.98,4.44,4.47,13.47,22.75,28.19,30.0,29.72,26.43,22.98,19.22,15.85,13.56,11.86,10.39,9.08,7.92,6.99,6.08,5.43,5.09,4.9,5.41,35.09,76.98,102.73,102.45,88.01,67.07,49.24,37.36,33.96,45.56,48.68,44.43,38.2,32.26,26.32,21.51,17.94,15.59,14.07,12.79,11.74,12.0,23.86,28.58,29.15,28.87,26.66,23.32,20.04,18.03,16.84,15.71,14.12,12.88,11.83,10.9,10.47,15.85,20.35,21.82,21.62,19.92,19.02,41.04,56.32,58.02,60.28,74.15,87.45,88.3,83.2,72.16,62.26,53.49,45.56,38.77,35.38,34.53,33.11,31.41,29.15,26.63,24.14,22.07
2004,20.49,19.19,17.97,16.84,15.93,15.25,14.55,13.95,13.7,14.18,14.21,13.87,13.75,13.39,13.02,12.57,11.97,11.77,12.06,11.89,11.63,11.43,11.04,10.47,10.02,11.32,14.43,16.67,18.93,19.19,18.48,16.98,15.56,14.83,15.42,15.25,15.03,15.4,15.45,14.86,14.09,13.27,14.09,21.68,26.18,32.26,38.77,43.02,46.98,48.39,45.56,41.04,36.22,31.41,27.9,25.58,25.27,37.36,48.11,50.09,44.71,38.77,35.09,32.83,30.0,26.52,23.01,20.06,17.72,15.73,14.12,12.79,11.63,10.92,12.0,15.23,16.22,15.73,14.86,13.58,12.14,10.81,9.76,8.91,8.24,7.64,7.19,6.93,6.65,6.71,7.33,7.84,8.26,8.35,7.98,7.24,6.57,6.08,5.63,5.21,6.08,15.65,27.73,39.62,50.09,54.62,55.75,52.07,44.15,35.09,26.26,18.76,13.98,11.18,9.23,7.87,9.65,13.56,15.62,16.7,19.19,35.94,55.75,88.3,113.77,115.18,104.43,84.05,67.07,53.77,40.19,29.43,20.74,15.99,13.47,12.74,12.71,11.38,9.42,7.81,6.59,5.58,4.78,4.41,6.08,6.96,6.54,5.12,3.93,4.02,5.32,6.76,7.75,7.84,7.13,8.38,15.25,18.9,17.43,13.39,10.27,9.85,13.16,16.27,16.47,14.23,11.21,13.81,22.53,26.74,25.64,21.37,15.08,10.7,9.17,9.62,11.38,11.29,9.25,11.01,13.36,16.36,18.08,19.27,16.87,12.11,9.34,8.01,7.27,6.23,4.44,3.71,4.33,3.88,4.1,3.11,2.45,2.06,1.78,1.6,1.45,2.16,2.79,2.49,2.24,2.97,3.42,2.75,2.11,1.69,1.43,1.37,1.3,1.77,3.68,5.21,5.74,9.25,11.15,11.4,8.18,5.49,3.76,2.7,9.59,34.53,63.39,101.03,117.44,114.05,96.5,72.16,53.2,39.62,32.26,26.66,22.07,18.62,16.5,17.18,19.02,31.13,43.02,47.54,44.71,39.05,33.11,28.87,24.73,26.69,29.15,34.24,38.77,42.73,43.3,39.34,32.54,27.37,22.39,19.1,20.04,21.25,21.11,20.6,19.87,18.4,15.79,13.22,11.04,9.54,9.08,9.11,8.83,9.03,9.37,9.0,8.77,8.35,7.81,7.13,6.31,5.58,4.98,4.44,3.96,3.68,3.57,4.3,6.54,7.78,8.24,7.78,6.68,5.8,5.24,4.84,4.58,4.33,4.13,4.1,3.91,3.68,3.57,3.45,3.34,3.17,3.06,2.94,3.14,3.4,3.34,3.23,3.17,3.08,3.0,3.17,9.2,18.2,25.13,27.93,27.2,23.46,18.62,14.91,12.51,10.64,10.27,14.43,18.14,19.67,18.9,21.06,26.06,28.22,28.07,25.84,23.09,20.49,18.31,16.39,14.77,13.53,12.48,13.78,16.36,16.53,16.22,15.03,13.36,11.91,10.81,10.1,9.48,9.0,8.49,8.15,8.18,10.64,11.72,13.02,20.23,22.84,22.87,21.28,19.07
2005,16.95,15.31,14.15,13.19,12.37,11.8,11.26,10.61,10.02,9.4,8.91,8.55,8.32,10.36,22.07,27.42,29.72,28.58,24.76,21.08,19.07,17.46,16.27,14.83,13.36,12.34,11.57,10.67,9.85,11.07,15.54,18.03,17.91,16.61,17.01,17.8,17.38,16.27,14.8,13.39,12.99,12.68,11.89,11.09,10.27,9.68,9.37,9.06,8.91,8.55,8.04,7.75,8.07,8.21,9.93,18.73,25.39,26.55,26.49,29.43,30.28,28.87,25.3,21.31,18.0,15.76,14.38,13.78,12.99,12.25,11.6,10.87,10.02,9.25,8.86,10.98,15.93,19.39,20.91,21.37,20.66,21.9,25.58,28.58,31.41,30.85,29.43,31.41,30.56,27.45,24.76,27.45,33.96,34.53,32.26,28.58,23.52,24.76,26.77,25.05,22.16,18.79,16.24,24.99,35.94,39.34,39.34,35.38,28.87,22.61,18.54,15.48,12.88,10.81,9.17,7.87,6.91,6.06,5.32,4.75,4.36,4.02,3.68,3.4,3.14,6.59,24.42,34.53,39.34,40.75,38.49,33.11,31.7,30.0,23.23,17.46,16.07,14.46,12.54,10.36,10.92,11.55,11.38,10.58,9.31,8.77,7.92,6.74,5.38,4.36,3.88,3.59,3.79,5.21,7.05,9.93,10.78,9.17,7.75,6.37,6.71,10.02,10.61,9.48,7.27,5.32,3.99,3.11,2.5,2.14,1.8,1.51,1.31,1.19,1.01,0.9,1.02,2.78,2.32,5.49,25.61,34.81,35.09,35.94,28.13,22.24,16.07,9.79,6.03,4.16,3.25,2.58,2.19,2.0,2.1,2.41,2.71,3.03,3.0,2.8,2.33,3.37,6.59,8.18,7.73,5.8,3.85,2.58,1.99,1.7,2.01,5.01,11.57,17.86,16.95,13.07,11.24,10.95,9.99,7.95,5.97,5.18,5.07,6.74,5.07,3.71,3.06,2.7,2.91,2.68,2.48,2.11,1.93,2.01,2.22,2.28,2.23,2.42,2.4,2.13,1.86,1.58,1.39,1.21,1.06,0.91,0.76,0.66,0.56,0.47,0.42,0.37,0.33,0.29,0.27,0.26,0.56,3.08,6.42,8.86,8.38,6.85,5.35,4.22,3.54,3.0,2.52,2.4,2.06,1.93,1.81,1.72,1.84,1.56,1.37,1.2,1.04,0.99,1.1,10.39,48.96,108.11,127.92,112.92,91.13,67.92,49.52,37.64,30.85,24.54,18.17,13.33,9.99,7.81,7.75,9.85,11.21,28.87,34.53,35.38,33.68,31.41,27.56,22.72,18.85,15.93,13.24,11.01,9.25,7.92,6.85,6.06,5.35,4.78,4.36,3.99,3.74,3.57,3.45,3.37,3.4,3.45,3.54,3.62,7.07,24.17,31.41,33.11,31.7,28.58,24.79,22.92,22.75,21.76,20.46,18.82,17.06,16.22,17.23,22.7,28.58,31.98,33.68,33.11,31.7,30.28,28.87,26.46,23.6,26.74,29.43,37.64,52.07,60.0,59.71,55.18,48.39,42.73,39.05,39.05,38.2,36.79,37.92,40.75,40.75
2006,39.34,36.79,40.19,43.58,43.02,41.32,38.49,35.66,32.83,30.28,27.9,25.55,23.26,25.44,28.19,29.15,28.07,26.91,27.56,27.82,27.45,28.87,30.0,36.79,45.0,50.09,51.51,48.68,43.02,37.36,35.09,35.09,33.96,32.26,30.56,28.58,26.12,24.48,23.83,22.53,21.08,19.98,20.06,19.36,18.42,17.38,16.19,15.06,13.98,12.93,12.28,11.83,11.43,17.8,26.66,29.15,30.0,29.15,26.6,23.35,20.55,18.03,15.68,13.84,12.51,11.69,10.81,9.9,9.11,8.52,8.04,7.75,7.47,7.19,6.48,5.91,5.41,4.95,4.73,5.74,9.59,12.31,14.8,16.87,16.67,15.51,14.35,12.85,11.24,9.76,8.52,7.47,6.59,5.86,5.55,5.43,5.35,5.09,6.54,7.64,6.65,5.6,4.9,4.22,3.71,3.23,2.89,2.83,2.76,2.57,2.39,2.3,3.85,5.32,5.46,5.52,8.32,16.75,19.02,16.75,14.09,11.46,8.97,7.1,5.89,6.06,6.85,21.93,33.96,35.66,33.39,29.43,23.43,17.94,15.88,17.8,17.97,15.45,14.49,13.78,11.97,10.24,8.72,7.16,5.83,4.78,4.19,4.22,3.51,2.94,2.48,2.12,1.84,1.68,1.73,1.61,1.77,2.41,3.48,4.05,3.65,2.64,2.34,3.03,3.93,7.27,9.2,8.86,7.73,6.03,4.64,3.88,3.45,3.08,2.61,4.39,42.73,73.01,80.37,76.41,75.84,88.58,86.03,80.66,71.6,61.98,53.2,48.39,43.86,35.66,28.19,22.58,18.25,14.43,11.29,8.89,6.93,5.07,3.88,3.2,2.71,2.48,2.97,2.91,3.99,4.39,5.91,5.8,5.07,4.9,4.13,3.68,2.97,2.46,2.1,1.81,1.57,3.54,3.03,2.43,12.42,19.47,15.34,17.23,16.84,13.7,11.21,8.46,6.08,4.47,3.99,4.39,3.96,8.97,28.27,46.13,46.41,35.94,25.98,15.76,9.11,5.8,10.75,158.48,373.56,384.88,331.11,280.17,237.72,198.1,164.14,145.46,118.58,90.28,65.66,50.66,45.85,50.09,49.52,46.7,41.04,34.24,38.77,50.66,56.6,55.18,47.54,37.07,29.43,23.63,18.88,16.07,14.52,13.22,12.11,11.04,10.07,9.03,8.01,7.16,6.82,8.38,11.07,13.58,15.2,15.03,13.64,11.8,10.24,9.03,9.51,10.92,11.01,10.67,9.96,9.99,9.65,9.06,8.55,8.24,22.47,37.92,42.45,42.17,39.34,35.09,30.56,27.05,24.28,21.76,21.93,39.05,46.98,45.85,42.17,39.05,39.9,39.34,37.92,38.77,45.0,47.26,48.96,54.34,69.62,133.01,259.79,299.98,274.23,239.14,198.67,154.8,118.86,88.01,63.68,49.24,40.75,35.66,32.26,29.43,27.34,25.41,23.49,21.96,20.74,19.64,18.71,18.06,17.35,16.53,15.82,15.34,14.83,14.26,13.58,13.3,32.54,49.52,58.02,75.84,97.07,97.35,88.58,80.94,73.3
2007,62.26,52.36,45.28,40.47,36.22,37.92,46.13,49.24,46.13,40.75,36.51,33.96,31.98,29.43,26.55,24.37,22.47,21.2,23.21,24.31,24.06,29.72,38.49,40.75,39.62,36.79,33.68,31.98,31.41,29.43,27.11,26.63,38.77,49.81,53.77,52.07,45.56,39.34,35.38,31.98,28.58,25.22,22.47,20.6,22.47,25.47,26.8,27.05,27.17,27.17,26.26,24.14,21.54,19.3,17.29,16.07,17.09,18.85,19.44,18.17,19.95,27.65,32.26,31.7,27.11,21.79,17.43,14.63,13.16,12.14,11.32,10.58,9.82,9.31,9.0,10.56,11.18,11.29,10.7,9.93,9.34,8.86,8.52,8.12,7.61,7.1,6.68,6.37,6.25,6.23,6.03,5.72,5.43,5.15,4.75,4.36,4.05,3.76,3.57,3.42,3.31,3.25,3.2,3.08,12.17,40.19,53.77,54.62,48.11,37.92,30.56,26.43,21.82,16.7,12.99,10.67,8.83,7.41,6.31,5.58,5.01,4.41,3.96,3.62,3.42,4.53,7.41,8.46,7.58,6.0,4.98,4.39,9.31,19.36,19.67,17.6,13.9,10.92,9.14,8.15,7.13,5.8,4.7,3.91,3.34,2.91,2.56,2.27,2.03,1.8,1.62,1.45,1.34,2.1,4.02,5.15,5.21,3.99,3.0,2.44,2.09,1.82,1.55,1.39,1.24,1.12,1.04,1.0,0.92,0.83,0.83,0.78,0.72,0.72,0.75,0.8,0.72,0.68,1.04,1.19,1.09,1.02,1.11,0.87,0.76,0.64,0.57,0.57,0.69,1.26,1.44,1.2,1.37,1.81,1.8,1.66,2.53,1.91,3.74,8.66,10.13,11.97,14.52,14.26,11.12,8.04,6.54,5.77,6.99,5.38,4.19,3.51,2.97,2.43,2.01,1.65,1.36,1.12,0.96,0.84,0.87,0.82,1.7,4.81,5.46,5.43,4.87,3.71,2.86,2.36,1.91,1.53,1.22,1.2,1.0,0.88,0.78,0.68,0.67,0.64,0.78,0.61,0.52,0.46,0.41,0.38,0.36,0.34,0.32,0.33,0.65,0.44,0.33,0.3,0.27,0.26,0.34,1.37,2.26,1.69,1.25,1.03,0.88,0.85,1.18,1.39,1.27,1.1,0.95,0.82,0.69,0.59,0.53,0.46,0.4,0.39,0.39,0.36,0.35,0.37,0.36,0.41,0.39,0.37,0.35,0.35,0.33,0.31,0.29,0.28,0.29,0.31,0.28,0.25,0.26,0.26,0.25,0.38,3.45,15.42,25.87,30.0,27.54,21.73,16.1,12.65,10.39,8.63,6.85,5.41,4.39,3.62,3.14,2.73,2.42,2.16,1.96,1.83,1.69,1.68,1.78,1.68,1.65,1.6,1.52,1.47,1.39,1.34,1.2,1.15,1.21,1.31,1.29,1.27,1.27,1.24,1.22,1.22,1.28,1.29,1.31,1.31,1.33,1.36,1.37,1.39,1.36,1.4,1.43,1.76,3.68,4.95,5.69,5.89,5.91,7.33,8.57,9.2,9.37,9.9,14.72,17.12,19.39,21.08,23.86
2008,25.78,26.01,24.2,20.69,17.8,15.79,13.95,12.25,10.9,9.59,8.74,8.41,8.07,7.47,6.91,6.31,6.0,6.34,6.88,13.84,18.71,19.58,19.05,17.8,16.05,14.49,13.3,11.94,10.73,9.88,9.23,8.74,9.31,9.59,9.68,9.57,9.11,8.63,8.35,8.01,7.64,7.1,6.57,7.75,14.43,19.89,21.59,20.57,22.3,34.81,44.71,50.37,56.32,65.66,67.64,67.07,57.45,46.41,39.9,31.13,26.63,22.27,19.36,20.21,24.39,27.28,31.7,35.38,39.62,45.0,47.26,46.41,41.32,33.96,28.1,23.74,20.6,18.56,17.18,15.9,14.69,13.53,12.54,11.83,11.29,10.53,9.68,8.94,8.35,8.46,9.62,13.56,14.72,15.96,21.45,54.9,97.35,107.54,100.46,87.73,73.86,60.84,47.83,36.22,28.3,22.53,18.34,15.48,13.41,12.4,12.14,13.07,15.28,16.58,15.99,13.9,12.03,12.11,12.71,11.69,10.98,10.81,10.05,8.86,8.04,8.49,7.27,6.34,5.8,6.25,7.73,8.77,8.49,7.84,6.96,6.08,5.46,4.75,4.16,3.88,4.56,4.41,3.82,3.48,3.37,3.08,2.73,2.55,3.45,3.54,3.34,3.11,2.89,2.52,2.23,1.96,1.77,1.56,1.38,1.21,1.05,0.93,0.83,0.74,0.74,0.95,0.93,0.82,0.71,0.64,0.56,0.52,0.5,0.47,0.55,0.65,0.63,0.61,0.73,0.75,0.64,0.52,0.43,0.36,0.32,0.29,0.28,0.26,0.25,0.25,0.36,0.31,0.35,0.39,0.34,0.4,0.32,0.56,1.03,0.56,0.38,0.29,0.25,0.29,0.49,0.55,0.38,0.31,0.3,0.57,0.84,0.87,1.01,1.0,0.73,0.82,0.83,0.58,0.43,0.4,0.3,0.24,0.92,1.38,1.44,2.25,2.51,2.46,2.81,2.3,1.86,1.57,1.41,1.23,0.96,0.7,0.54,0.43,0.37,0.4,0.62,1.51,2.91,3.17,3.11,3.06,2.97,2.69,6.25,10.87,15.4,18.82,21.28,23.52,25.87,27.39,28.87,29.15,27.85,24.56,21.79,19.27,17.18,15.11,12.76,10.41,8.38,6.88,10.41,16.53,21.11,23.77,25.64,26.74,26.52,24.96,23.04,19.67,16.16,13.47,11.4,9.82,8.6,7.7,7.05,6.48,5.97,5.52,5.12,4.78,4.92,6.28,6.82,7.05,7.36,7.27,6.88,6.54,6.42,6.08,5.77,5.52,5.21,4.98,4.64,4.41,4.22,4.5,5.12,5.18,5.12,5.12,5.04,4.84,4.56,4.44,4.84,6.2,8.41,13.53,17.12,19.39,21.96,26.66,31.41,30.56,23.77,17.04,14.07,12.42,11.32,10.53,9.99,10.39,12.06,13.02,13.5,13.47,13.13,12.62,12.25,11.97,11.57,11.24,11.66,14.91,18.0,20.26,21.28,21.34,20.66,19.24,17.57,16.16,16.1,16.22,15.73,15.23,14.74,14.43,13.9,13.47,13.53,14.63,14.57
2009,13.87,12.99,12.25,11.63,11.43,11.29,11.89,12.74,13.27,13.13,13.3,13.19,12.85,13.41,14.01,14.04,13.58,13.19,16.24,19.24,21.42,20.35,18.34,16.75,15.48,14.55,13.87,13.33,13.47,13.78,13.67,13.3,12.79,12.4,11.97,11.4,10.87,10.44,10.02,9.62,9.23,8.97,8.66,8.38,8.12,7.81,7.5,7.22,7.27,10.22,13.84,14.83,14.69,13.5,12.31,11.35,10.61,9.99,9.71,15.85,40.47,59.43,64.52,64.24,62.54,60.84,53.2,40.47,28.27,19.58,15.82,13.92,12.82,12.2,12.45,14.21,16.47,17.63,17.38,16.16,14.74,13.64,12.65,11.72,11.04,10.73,11.69,14.07,16.41,17.66,16.98,15.37,14.72,14.83,14.46,13.64,12.76,11.55,10.67,9.96,9.57,9.4,9.17,9.42,18.82,27.71,25.58,21.82,17.46,14.18,12.08,10.47,9.28,8.41,7.61,6.82,6.0,5.18,4.44,3.79,3.37,3.0,2.65,2.4,3.25,12.51,15.2,15.9,14.43,12.25,11.07,10.58,9.96,9.06,8.35,7.81,8.04,13.61,18.88,20.72,18.65,14.49,10.67,7.7,6.08,4.95,4.08,3.54,3.99,4.75,4.36,3.4,2.78,3.82,4.05,3.37,3.23,3.65,4.47,4.02,4.92,5.32,4.84,4.13,3.31,2.58,2.18,2.31,3.42,4.75,5.29,4.87,3.91,3.03,2.44,1.93,1.58,1.4,1.09,0.88,0.72,0.59,0.5,0.42,0.36,0.32,0.29,0.29,0.24,0.24,0.23,0.21,0.21,0.25,0.26,0.24,0.22,0.24,0.33,0.29,0.3,0.46,0.53,0.5,0.57,0.83,0.91,0.72,0.52,0.5,0.69,0.67,0.61,0.69,0.97,1.13,1.25,1.98,2.1,2.44,3.0,3.48,3.54,4.73,5.26,6.45,7.58,8.38,8.15,7.36,6.74,6.88,7.75,8.41,8.55,8.8,8.32,7.39,6.57,6.14,5.91,5.52,6.62,8.32,9.14,9.88,10.22,9.62,8.15,6.99,6.4,5.97,5.26,4.47,3.85,3.31,2.83,2.41,2.04,1.77,1.58,1.53,1.24,1.03,1.25,1.48,3.54,3.99,6.59,10.92,11.6,11.12,9.82,7.41,5.18,3.79,3.03,2.72,2.77,3.11,3.0,2.77,2.54,2.32,2.13,2.04,2.05,2.36,3.08,3.2,3.03,2.73,2.45,2.22,2.03,1.86,1.71,1.52,1.35,1.22,1.21,1.22,1.25,1.28,1.29,1.31,1.36,1.4,1.42,1.45,1.44,1.38,1.33,1.41,2.26,14.15,81.79,100.18,104.99,94.24,76.41,61.69,52.36,44.15,37.92,32.83,31.98,33.96,33.39,31.7,28.87,25.02,21.51,18.96,17.21,17.26,40.47,60.0,66.5,73.86,78.39,74.71,68.77,70.75,80.09,87.16,85.18,76.69,67.35,57.45,46.41,36.79,35.66,39.34,41.6,41.6,38.2,33.39,31.98,65.09,92.26,100.18,92.26,74.43,59.43
2010,57.45,58.02,56.32,51.79,44.43,37.36,33.11,30.0,27.05,24.03,21.25,19.41,18.65,18.11,16.95,16.07,18.93,27.71,31.98,33.68,32.26,38.49,49.81,54.34,61.98,79.52,98.48,101.88,94.24,82.92,73.3,64.24,57.73,55.47,53.77,52.92,79.52,135.27,156.78,157.06,146.31,126.5,100.46,76.98,61.13,53.77,50.37,47.26,43.86,39.9,35.94,32.26,29.43,31.41,33.11,34.24,34.24,32.26,29.72,27.17,25.78,40.47,53.77,56.6,56.88,55.75,55.75,53.2,45.28,36.79,35.94,36.51,35.66,34.53,31.98,28.58,25.3,22.92,21.34,19.87,18.54,17.46,16.33,15.54,14.97,14.09,13.33,13.84,18.79,20.77,21.59,20.66,19.24,19.58,19.47,17.38,14.97,13.19,11.74,10.64,9.76,9.11,8.91,8.69,8.21,7.58,6.96,6.2,5.43,4.9,4.9,4.5,4.41,4.24,4.19,4.19,3.99,3.65,3.4,3.14,2.91,2.65,2.37,2.18,2.06,2.07,1.92,1.78,1.59,1.43,1.29,1.19,1.1,1.03,0.96,0.9,0.89,0.91,1.29,2.07,2.39,2.29,2.3,2.75,3.4,4.73,7.3,8.18,9.37,10.44,9.93,7.98,6.14,5.07,4.36,3.76,3.17,2.54,2.04,1.67,1.42,1.24,1.1,1.04,0.94,0.92,0.93,5.07,8.86,10.44,9.06,6.48,4.73,3.68,2.86,2.68,2.0,1.45,1.1,0.92,0.88,0.82,0.73,0.67,0.61,0.57,0.49,0.42,0.37,0.33,0.31,1.15,0.8,0.52,1.19,1.26,1.36,1.16,0.9,0.95,1.35,1.06,1.25,2.36,1.87,1.33,1.1,1.18,1.02,0.98,2.97,5.04,4.75,4.27,3.68,2.6,2.03,2.94,3.25,2.5,1.91,1.47,1.16,0.96,0.82,0.74,0.61,0.52,0.43,0.38,0.73,0.57,0.9,2.03,2.91,2.33,3.03,3.65,3.34,3.2,2.68,1.96,1.4,1.06,0.86,0.72,0.61,0.51,0.42,0.36,0.33,0.3,0.27,0.25,0.28,0.26,0.23,0.22,0.22,0.21,0.23,0.19,0.17,0.16,0.15,0.14,0.14,0.13,0.15,2.89,16.98,24.2,114.05,233.48,246.49,220.74,181.97,149.71,124.52,99.05,74.71,54.34,36.79,24.85,18.25,14.21,11.57,10.05,8.8,7.75,7.07,6.51,5.97,5.55,5.15,4.78,4.58,4.78,6.4,7.44,8.35,9.31,9.06,8.77,8.26,7.67,7.02,7.3,13.58,17.26,19.75,19.33,16.78,13.92,11.72,10.07,8.83,7.84,7.13,6.68,6.28,5.89,5.49,5.24,5.07,4.92,4.84,4.78,4.67,4.56,4.56,4.56,4.5,4.53,5.18,6.85,7.92,8.09,9.2,9.9,9.48,8.63,7.84,7.19,6.99,9.28,13.81,15.93,15.65,14.21,12.9,12.11,13.41,14.23,13.75,12.9,12.06,11.12,10.33,9.88,10.3,10.84,11.07,11.29,11.35
2011,11.29,11.49,12.0,12.25,12.08,11.72,11.12,10.7,10.05,9.4,9.31,9.76,10.36,10.44,10.22,10.02,9.76,10.73,12.4,13.53,13.67,12.99,11.83,10.7,10.61,16.13,20.04,19.98,18.42,16.13,13.73,12.06,11.74,12.54,13.95,33.68,56.6,67.64,68.49,66.5,60.0,52.07,44.71,36.51,29.72,24.06,20.21,17.66,15.85,14.43,13.13,12.2,11.32,10.44,9.74,9.51,9.51,9.25,8.89,11.63,14.89,15.28,14.18,12.59,11.97,14.49,15.2,14.15,13.22,14.46,14.6,13.7,12.45,11.12,10.13,9.34,8.66,7.98,7.36,6.88,6.42,5.97,5.69,5.55,5.38,5.83,7.02,7.73,8.49,14.46,21.06,25.55,26.29,24.28,21.79,20.35,18.62,16.64,14.91,14.12,14.07,13.53,12.82,12.2,11.21,9.96,9.79,9.51,8.38,7.5,6.62,5.83,5.43,5.18,4.75,4.7,11.74,15.42,17.97,19.27,18.9,18.48,15.2,11.24,8.52,7.1,6.4,5.94,5.35,4.7,4.19,3.57,3.17,2.91,3.11,3.37,4.13,4.7,4.3,3.76,3.08,2.7,2.89,2.74,2.37,2.02,1.71,1.38,1.16,1.06,0.98,0.89,0.78,0.68,0.59,0.52,0.44,0.4,0.37,0.34,0.32,0.29,0.28,0.37,0.29,0.26,0.23,0.23,0.22,0.22,0.25,0.28,0.24,0.22,0.2,0.2,0.21,0.26,0.48,0.35,0.28,0.27,0.23,0.21,0.2,0.25,0.47,0.24,0.24,0.26,0.19,0.15,0.13,0.12,0.11,0.1,0.09,0.09,0.08,0.08,0.08,0.14,0.12,0.2,0.62,0.3,0.3,0.29,0.22,0.16,0.14,0.15,0.2,0.21,0.17,0.14,0.28,1.47,7.78,6.76,6.88,5.8,2.56,1.3,1.27,3.17,3.03,1.69,1.85,2.86,2.6,1.79,1.29,1.04,0.76,0.59,0.53,0.56,22.3,88.3,121.97,120.56,108.39,92.82,74.99,58.86,45.85,35.09,27.56,24.03,21.68,20.38,19.36,18.23,16.5,15.03,14.72,13.39,12.14,11.38,10.98,10.19,9.23,8.38,7.73,7.5,7.56,7.47,7.44,7.3,7.13,7.84,8.15,9.9,11.57,11.94,11.43,10.27,8.91,7.67,6.62,5.8,5.18,4.87,5.01,8.91,15.59,20.18,20.8,17.21,12.42,10.73,10.22,8.86,7.81,7.13,6.42,5.69,5.01,4.56,4.1,3.74,3.45,3.25,3.48,4.22,4.67,5.6,9.99,13.5,16.13,17.32,16.7,14.66,12.06,9.88,8.46,7.44,6.62,6.0,5.69,5.69,5.86,5.74,5.63,5.6,5.6,5.63,5.89,5.8,5.55,5.41,6.17,9.25,11.04,12.03,11.91,10.92,9.85,9.0,8.46,8.09,7.81,7.41,6.99,6.51,6.11,5.77,5.46,5.21,5.01,4.81,4.64,4.5,4.44,4.5,4.58,4.5,4.39,4.27,4.27,4.67,5.12,5.18,5.09
2012,5.01,4.84,4.64,4.44,4.3,4.16,4.08,3.99,3.93,4.19,4.56,7.84,11.55,13.05,12.96,11.6,10.19,9.48,10.47,11.24,12.06,15.25,16.92,17.29,16.64,15.45,16.16,19.13,17.97,16.53,15.23,13.61,12.4,11.69,11.01,10.64,11.24,11.55,11.35,10.98,10.47,10.13,9.82,9.25,8.69,8.26,7.95,8.21,8.41,9.65,15.11,18.14,18.34,17.26,15.93,19.92,22.95,23.29,21.54,16.87,14.97,14.6,26.91,45.85,56.32,56.6,51.51,41.88,34.81,30.0,24.54,20.35,17.74,15.85,14.38,13.33,12.48,11.8,11.26,10.75,10.22,10.22,10.05,12.48,26.29,69.62,85.75,77.82,64.24,47.54,35.66,30.56,27.08,23.72,21.14,20.43,22.95,23.69,22.1,19.33,16.39,13.64,11.55,9.96,8.72,7.58,6.59,5.72,5.35,5.12,4.81,4.73,5.58,6.48,6.54,6.03,5.18,4.41,3.82,3.42,3.14,2.78,2.44,2.15,1.92,1.84,2.22,2.36,2.65,3.08,3.37,3.45,3.45,3.08,2.43,2.78,6.0,9.99,13.5,16.81,19.5,20.57,19.98,17.15,13.61,10.81,8.07,5.89,4.92,14.83,53.2,84.9,101.6,103.01,90.56,68.49,47.83,32.54,23.63,17.94,13.24,9.85,8.35,9.57,8.86,8.43,8.29,7.19,5.86,4.73,3.93,3.31,2.75,2.41,3.96,4.1,4.92,5.49,4.5,3.54,3.03,2.47,2.23,2.09,1.83,1.73,1.56,1.44,1.3,1.16,1.27,17.6,34.24,31.98,30.85,25.02,19.81,15.54,12.48,10.87,9.59,13.78,15.23,17.12,23.94,29.72,30.56,27.93,21.68,16.02,13.73,13.64,15.79,16.33,19.24,24.06,23.91,17.94,14.6,20.4,21.0,20.12,21.34,23.35,20.55,17.72,15.56,17.52,14.46,11.69,14.83,31.41,43.3,46.13,45.28,55.47,68.77,78.39,77.54,69.9,61.41,51.22,40.75,32.83,27.08,25.47,27.31,22.16,18.45,16.3,14.38,12.93,11.77,10.3,8.57,6.96,5.55,4.56,3.88,3.48,3.82,14.23,18.99,18.06,14.52,11.72,9.03,6.71,5.01,4.1,3.54,3.14,2.89,2.89,3.31,3.88,4.24,4.64,5.24,5.01,4.44,6.03,7.87,7.78,7.36,6.68,5.74,5.04,4.7,4.78,4.5,4.19,3.91,3.54,3.17,2.86,2.63,2.42,2.25,2.15,2.41,3.2,4.13,4.36,4.05,3.54,3.11,2.83,2.66,2.57,2.5,2.43,2.37,2.31,2.28,2.18,2.12,2.1,2.16,2.29,2.63,2.82,3.28,3.65,3.65,3.54,3.4,3.23,3.14,3.0,2.86,2.82,2.91,2.91,2.89,2.86,2.89,2.91,3.14,3.08,3.03,3.06,3.0,2.91,3.0,3.08,4.08,6.88,8.94,9.82,9.74,10.3,10.81,10.53,12.34,14.32,13.47,11.69,10.05,10.07,16.75,20.83,26.06,37.07,42.45
2013,40.47,37.36,35.94,33.96,30.85,26.97,22.84,19.67,17.35,15.51,14.07,13.75,13.64,12.99,12.2,11.43,10.7,12.68,15.17,16.24,15.88,14.6,12.88,11.35,10.24,9.74,9.79,9.74,9.93,9.74,10.1,11.55,12.06,11.8,10.84,9.74,8.89,8.38,22.3,45.0,53.2,51.79,46.41,38.2,34.81,33.68,31.41,28.19,25.61,23.35,21.34,19.47,17.6,16.41,18.11,19.36,22.92,46.41,63.96,67.07,63.11,54.05,42.17,32.83,26.46,21.65,18.51,16.07,14.29,12.96,13.3,18.11,19.3,18.28,16.24,14.12,12.48,11.6,10.9,10.13,9.31,8.55,8.29,9.45,10.56,10.7,10.19,9.34,8.6,8.15,7.92,7.75,7.56,7.47,8.55,9.85,10.1,9.76,9.25,8.55,7.75,7.36,8.15,9.11,9.74,9.62,8.6,7.56,6.68,8.86,13.5,14.29,13.19,11.26,9.17,7.56,6.28,5.24,5.29,12.03,13.81,13.87,11.8,8.74,6.82,5.77,5.32,4.73,4.08,3.59,3.2,2.78,2.35,2.04,1.8,1.62,1.44,1.24,1.1,1.07,1.08,1.17,1.41,3.59,6.51,12.06,10.5,6.65,4.56,3.34,2.5,2.0,1.63,1.54,1.99,2.72,3.34,17.83,37.64,48.39,54.34,58.02,58.3,55.75,52.92,46.7,35.66,24.96,17.09,16.53,16.22,13.44,13.47,22.64,22.7,22.44,24.65,25.19,29.15,31.98,38.77,56.32,97.92,162.72,209.99,208.0,176.59,143.2,117.16,97.07,76.98,57.45,46.41,50.94,56.6,57.17,54.34,51.79,46.98,47.26,46.98,39.34,28.3,19.05,14.57,13.05,10.53,8.66,7.33,6.34,5.55,5.07,4.47,4.1,14.01,23.06,30.56,32.54,27.31,19.92,12.82,9.2,7.41,9.23,10.75,9.06,9.0,10.27,10.95,13.73,14.74,17.83,26.26,29.72,31.98,35.09,37.36,31.13,26.91,27.11,26.35,21.71,15.88,11.49,9.08,10.64,16.47,20.94,22.19,20.66,16.98,13.19,10.41,8.63,7.19,5.94,4.9,4.19,3.71,3.37,3.14,2.79,2.54,2.81,5.07,10.16,12.31,13.58,13.19,12.71,13.67,13.39,11.46,9.03,6.99,5.46,4.39,3.65,3.14,2.81,2.75,2.91,3.51,4.27,5.15,5.91,6.11,5.89,5.55,5.26,4.92,4.84,5.24,5.07,4.7,4.47,4.24,3.88,3.59,3.37,3.2,3.0,2.89,2.77,2.68,3.14,4.19,4.27,4.02,3.82,4.22,6.91,7.7,7.75,7.58,6.59,5.66,5.07,4.61,4.3,4.13,4.02,3.85,3.68,3.54,3.54,3.54,3.57,3.48,3.4,7.78,14.26,16.19,15.99,14.69,12.99,11.66,11.15,11.15,10.61,9.96,11.55,14.94,15.85,15.68,14.26,12.65,11.63,25.44,43.02,49.81,47.83,39.34,30.0,23.94,20.38,17.66,19.07,24.76,32.83,41.04,40.47,33.96,32.54,31.98
2014,30.85,29.15,35.38,41.88,43.58,41.32,35.09,28.58,23.94,21.11,19.81,24.62,27.51,27.88,29.43,29.15,28.3,27.82,25.47,22.27,19.95,18.34,16.98,15.62,14.09,13.13,12.88,12.4,12.11,11.89,13.56,16.56,20.12,22.89,23.63,23.4,23.01,21.9,20.94,20.06,18.82,17.77,18.62,27.48,37.92,42.17,43.02,41.32,38.2,35.94,34.81,32.83,32.83,33.68,33.96,34.53,32.83,28.3,23.66,20.15,17.77,15.96,14.91,14.55,15.08,25.44,41.6,48.96,50.94,49.24,44.71,39.9,34.24,27.22,21.62,19.53,23.01,28.3,30.28,29.72,27.14,23.52,20.77,19.02,18.4,17.46,15.9,30.28,54.9,65.94,64.81,57.73,45.28,33.68,25.89,20.6,17.18,15.59,15.62,15.14,14.32,13.5,12.31,11.04,10.81,19.78,26.15,25.36,36.79,65.94,90.84,91.69,83.2,67.35,51.79,39.34,29.72,22.81,18.51,15.93,17.04,18.06,17.46,15.96,13.84,12.42,12.11,11.57,10.05,8.41,6.99,5.86,5.01,4.53,4.02,18.54,45.85,50.09,47.26,39.9,27.88,23.35,20.55,15.48,10.9,8.21,6.57,5.43,4.81,4.36,3.91,3.54,3.17,2.81,2.5,2.3,2.34,2.4,2.25,2.76,2.56,2.35,2.31,4.58,5.6,4.56,3.96,3.37,2.68,2.22,1.93,2.13,5.32,11.89,11.86,12.51,9.74,9.62,14.52,17.09,17.04,16.41,12.23,9.0,16.07,20.06,19.33,15.4,10.67,7.05,4.81,4.39,5.18,5.52,5.86,6.42,9.03,14.66,20.52,22.13,19.05,19.81,17.86,16.33,13.3,15.03,23.29,25.75,28.1,30.28,29.43,25.24,25.5,44.43,58.3,77.26,117.16,128.48,115.46,95.09,70.47,51.22,41.6,38.77,32.83,27.11,22.07,17.49,14.91,12.74,14.66,24.14,30.28,33.68,33.39,31.7,23.69,19.41,18.23,17.01,14.52,11.97,10.27,8.74,7.3,6.08,5.15,4.47,3.96,3.59,3.79,7.84,13.81,23.09,40.75,80.09,120.56,127.63,115.46,104.43,92.54,76.69,59.15,45.0,32.54,23.4,19.39,23.46,26.06,26.01,26.21,24.96,22.64,20.46,18.2,16.24,14.8,12.93,11.01,9.51,8.35,7.36,6.45,5.72,5.83,6.82,6.88,7.67,12.68,15.62,17.29,16.92,15.25,13.44,12.96,12.65,11.43,9.88,8.43,7.27,6.31,5.6,5.09,4.81,4.44,4.16,4.02,3.82,3.68,3.62,3.48,3.34,3.23,3.11,3.08,3.0,3.06,3.0,2.94,3.0,3.14,3.54,3.76,3.76,3.79,3.82,3.79,4.95,9.42,17.18,28.87,32.83,31.7,30.0,28.3,26.26,23.01,19.58,16.36,13.81,12.93,12.71,12.59,13.22,13.84,13.53,12.96,12.28,11.49,10.78,10.27,9.9,9.31,8.77,8.6,9.54,13.95,21.73,40.47,51.79,52.64,51.22,50.66,50.94,46.7
2015,39.05,32.54,27.88,27.45,33.11,33.96,31.41,27.31,22.87,20.38,18.68,18.79,34.24,51.22,67.07,78.39,85.47,82.92,71.88,58.58,49.52,42.45,35.38,37.92,49.52,56.32,56.03,50.66,44.71,39.9,34.53,28.58,25.33,28.58,30.56,30.28,28.3,25.67,23.21,21.28,19.75,20.01,19.81,18.65,17.18,15.65,14.29,15.93,22.72,26.23,25.75,23.21,22.05,26.52,37.64,45.28,59.43,98.48,119.43,117.73,110.09,98.48,80.09,58.58,48.39,44.15,41.6,38.49,34.81,31.41,28.58,25.87,24.2,35.94,45.85,46.7,41.88,35.66,36.79,43.86,45.28,42.73,38.2,33.39,30.28,35.38,47.83,56.32,56.6,50.66,43.02,35.94,30.56,25.67,21.82,18.9,16.73,15.23,14.52,16.13,16.41,15.62,14.4,13.53,12.99,12.65,12.62,12.88,13.02,14.57,17.38,19.64,20.94,24.28,28.87,29.43,24.17,18.03,13.61,12.48,14.69,16.1,16.1,14.49,12.59,10.81,9.08,7.78,7.22,9.65,42.45,117.16,162.16,166.12,147.16,120.84,89.71,58.02,36.22,22.7,17.43,16.56,14.43,12.65,11.83,11.18,10.27,9.11,7.67,6.42,5.32,4.5,3.85,4.84,7.7,11.35,19.87,17.49,12.54,10.13,8.09,6.93,6.08,5.55,4.9,4.39,3.68,2.83,2.26,2.39,13.81,16.58,11.52,6.99,3.88,2.66,2.02,1.86,3.11,4.22,3.88,3.85,3.06,2.34,1.91,1.62,1.38,1.19,1.03,0.89,0.78,0.68,0.61,0.57,0.69,1.19,1.54,1.73,1.79,1.95,2.67,3.25,2.91,4.73,18.37,30.28,33.96,34.81,30.0,20.8,14.46,10.56,7.58,5.38,3.88,2.81,2.07,1.7,3.17,6.34,6.57,5.86,5.52,7.84,11.29,10.44,8.41,6.25,4.67,3.65,3.17,4.3,5.24,4.95,4.3,3.34,2.58,3.17,6.82,9.62,9.11,6.23,4.39,7.61,10.75,13.41,14.97,12.74,9.71,7.98,10.61,17.89,28.24,33.68,35.66,31.98,24.17,19.16,14.26,10.58,8.09,6.28,4.87,3.88,3.17,2.56,2.12,2.01,3.91,6.03,8.12,14.89,21.76,23.6,40.47,102.45,146.59,164.42,168.67,161.59,146.31,125.65,101.31,78.11,58.3,42.45,30.85,23.63,19.95,16.67,13.64,11.38,9.85,8.72,7.87,7.36,6.91,6.45,6.08,5.72,5.63,6.08,6.42,6.42,6.45,7.24,20.89,41.04,55.47,64.81,63.96,65.09,65.37,66.5,74.15,74.99,71.6,62.54,55.75,46.7,38.2,31.41,35.66,81.79,115.75,119.14,112.35,100.18,87.45,75.28,61.41,55.75,46.98,38.2,31.7,27.31,25.39,23.74,21.85,20.63,20.63,32.26,39.9,40.75,38.49,33.68,29.15,26.06,25.3,23.57,21.71,21.34,23.29,23.26,22.05,23.04,38.77,53.2,86.6,106.41,119.14,115.18,103.3,95.09,96.79
2016,117.44,131.03,128.48,119.99,101.6,79.52,60.0,46.13,36.51,31.98,29.43,26.94,24.68,22.56,21.68,28.3,32.54,34.81,34.81,33.11,30.56,28.87,50.37,71.6,81.79,80.09,71.03,56.03,50.37,42.17,35.09,30.28,26.29,24.22,67.07,142.35,191.02,199.52,201.5,198.67,174.33,147.44,124.52,97.92,74.71,57.73,53.2,66.79,82.35,84.33,78.96,69.9,59.71,48.68,41.04,41.04,42.45,43.86,53.49,56.32,44.15,33.96,31.41,31.41,29.72,27.54,25.27,22.56,21.0,19.73,18.42,17.26,16.3,15.71,15.56,15.37,14.49,13.61,15.82,17.06,17.06,16.3,15.0,14.01,13.98,13.67,14.43,16.64,16.64,16.64,16.64,16.47,16.1,15.37,14.35,13.27,12.34,12.03,12.0,11.57,10.73,9.74,9.2,9.28,9.37,9.45,9.51,9.42,9.14,8.6,7.87,7.24,10.41,13.78,14.18,13.67,12.17,10.3,8.69,7.41,6.54,6.06,7.39,16.22,22.13,37.07,46.7,42.17,39.34,34.53,27.28,21.37,18.79,17.38,17.57,17.15,14.83,12.31,11.09,10.1,9.14,9.11,11.24,11.26,10.39,9.08,7.67,6.57,5.72,6.99,10.07,13.41,19.07,24.17,25.24,21.51,18.76,22.89,41.04,48.68,44.43,31.41,20.6,14.32,9.74,7.75,7.16,6.59,5.8,4.98,4.27,3.74,3.34,2.89,2.52,2.25,2.01,1.8,1.62,1.46,1.4,1.36,1.28,1.75,3.42,10.19,13.1,11.04,10.16,17.55,21.31,14.91,10.1,8.63,7.36,6.45,17.01,30.0,33.11,27.48,18.54,13.92,10.87,8.21,6.48,5.26,4.36,3.65,3.0,2.43,2.01,1.68,1.53,2.24,2.97,4.36,4.67,3.91,4.95,5.07,5.52,6.2,6.51,6.71,5.35,4.24,3.51,2.81,2.31,2.01,2.03,3.42,4.92,4.75,3.74,2.91,2.35,1.98,1.66,1.55,1.66,1.69,1.45,1.32,2.86,60.56,133.29,135.84,112.07,85.18,61.98,44.43,34.24,26.86,17.91,13.05,10.98,9.06,6.96,5.63,4.84,4.44,11.94,13.61,15.68,15.76,12.99,11.21,11.94,12.51,10.98,10.95,16.13,20.26,22.95,24.99,26.55,28.02,27.59,24.73,37.36,163.29,356.58,503.74,438.65,325.45,229.8,162.44,117.16,84.9,61.41,44.71,33.11,26.52,22.58,19.92,18.03,16.7,15.42,14.26,13.3,12.4,11.63,11.01,10.41,9.93,9.57,9.25,9.4,9.25,9.03,8.8,8.57,8.32,8.04,7.75,7.53,7.75,8.43,8.8,8.94,9.11,8.77,8.29,7.81,7.47,7.19,6.96,6.82,6.68,6.54,6.51,6.54,6.65,6.82,7.02,6.91,6.96,8.6,15.51,23.49,25.27,23.49,20.97,18.2,15.96,16.36,20.12,21.73,20.43,18.25,16.44,15.28,15.25,15.96,16.73,17.26,17.29,17.12,16.39,15.25,14.38,14.46,17.21,18.25
2017,17.35,25.67,51.79,61.41,55.47,47.83,43.58,48.68,49.24,46.13,41.04,35.66,31.98,28.87,25.39,22.22,19.98,18.51,17.49,16.33,15.28,15.03,16.98,25.81,30.0,28.87,27.76,25.84,22.95,20.01,17.38,15.14,13.61,12.34,11.43,10.75,10.36,10.05,10.02,11.21,11.89,11.4,10.67,9.96,9.37,9.28,12.11,13.64,13.64,13.07,12.06,11.18,10.5,9.93,9.34,8.83,8.35,7.84,7.39,7.1,7.27,7.75,7.78,7.81,7.53,7.19,6.96,6.65,6.34,6.11,5.94,5.83,8.12,11.35,12.48,12.23,11.24,11.72,11.63,10.75,10.41,10.64,10.3,9.99,9.42,8.66,8.24,8.24,8.01,8.26,12.42,15.34,15.2,16.16,16.67,26.43,32.26,30.85,24.22,18.25,13.92,10.92,9.28,8.29,7.3,6.54,5.91,5.38,5.29,5.26,5.24,5.01,4.67,7.53,62.26,131.31,146.88,159.61,163.29,140.65,104.99,71.32,43.58,28.1,20.6,20.46,19.16,17.77,16.22,15.4,14.66,13.61,13.02,12.79,11.12,9.34,7.95,6.82,5.89,5.21,4.67,4.3,4.41,5.63,7.33,8.43,8.74,9.68,10.78,11.09,11.26,15.56,15.28,11.29,8.69,7.47,7.19,8.01,8.83,9.11,8.24,6.96,5.97,5.21,4.58,4.08,3.93,4.3,4.36,3.45,2.91,2.86,3.06,3.08,3.2,6.37,9.31,9.06,7.53,5.72,4.84,4.39,3.88,3.42,3.79,4.08,3.14,2.71,2.34,2.18,2.44,6.79,6.99,6.03,5.35,4.53,4.5,4.39,3.68,3.03,2.83,2.52,2.97,6.37,8.91,7.81,6.03,4.84,3.34,2.48,2.0,1.66,1.42,1.27,1.16,1.09,1.02,1.21,1.31,1.75,1.71,1.98,2.54,2.31,4.56,18.62,13.84,8.83,7.5,7.19,6.08,5.29,4.9,4.64,5.74,21.79,27.31,24.2,20.23,12.76,7.75,5.63,4.39,3.76,4.16,5.49,6.4,5.91,5.26,8.01,12.03,13.5,13.92,15.2,19.7,26.01,27.39,36.79,35.66,30.56,26.21,21.71,16.98,12.96,13.3,12.93,10.84,8.21,6.23,5.09,4.36,3.71,3.08,2.6,2.24,1.93,1.68,1.52,1.43,1.36,1.32,1.28,1.29,1.42,1.46,1.49,1.53,1.55,1.48,1.45,1.4,1.34,1.32,1.27,1.21,1.17,1.33,1.55,1.65,1.45,1.33,2.29,4.75,5.72,5.15,4.36,3.62,3.08,2.67,2.39,2.13,1.92,1.89,2.24,2.47,2.41,2.42,2.72,3.17,3.2,3.06,2.91,2.77,2.65,2.48,2.37,2.33,2.29,2.27,2.22,2.22,2.13,2.01,2.01,1.99,1.96,2.02,2.33,2.25,2.25,2.56,3.76,13.02,23.97,26.91,26.15,23.74,21.03,18.54,15.79,12.57,10.19,8.74,7.92,9.17,10.16,10.27,10.19,10.7,10.61,10.1,10.56,10.39,9.71,9.03
2018,8.15,7.33,6.76,6.59,6.48,6.42,6.37,6.34,6.45,7.92,9.65,24.14,64.81,86.6,82.92,67.92,46.41,31.7,23.63,19.05,15.96,13.9,12.68,12.57,12.0,11.07,10.13,9.71,29.43,61.98,74.71,68.77,55.75,44.43,38.2,37.07,36.79,35.38,33.39,31.7,31.13,29.43,25.7,21.68,19.22,17.72,16.61,15.48,14.4,13.44,12.82,12.51,11.94,11.29,10.67,10.19,9.59,9.42,9.42,9.85,14.77,16.61,15.96,13.95,12.28,13.16,15.76,15.99,14.63,12.88,11.74,13.81,16.24,16.53,15.82,14.21,12.76,11.8,11.55,17.86,23.69,23.46,20.32,21.85,28.58,29.43,27.37,23.91,20.6,18.14,15.96,13.95,12.2,10.87,9.79,8.86,8.52,19.07,30.28,35.38,36.51,34.24,30.28,25.33,20.01,21.82,27.2,30.28,28.87,24.85,20.32,16.39,13.41,19.39,40.47,51.51,51.22,45.56,37.64,31.13,25.16,18.71,13.7,10.64,8.69,8.07,8.77,8.74,8.83,8.55,7.81,7.02,6.23,5.43,4.75,4.13,3.62,3.59,8.97,45.0,69.62,67.07,61.98,52.92,41.04,31.98,25.02,24.68,45.0,68.49,97.35,125.65,131.6,116.31,97.35,76.13,54.9,38.77,26.09,18.2,16.78,13.84,11.6,10.92,10.9,12.42,17.18,14.8,11.8,9.79,8.12,7.05,6.06,5.35,4.67,4.44,5.21,5.41,7.56,17.06,15.62,9.59,7.16,6.08,5.66,5.49,5.07,4.61,3.85,3.08,2.62,2.19,1.86,1.65,1.49,1.36,1.26,1.17,1.55,1.34,1.14,1.37,1.38,3.93,11.01,17.77,37.07,48.11,40.75,33.39,34.53,41.88,55.75,70.18,89.43,100.46,103.3,98.48,88.01,74.43,65.09,51.51,37.07,28.87,40.19,55.18,60.84,69.62,75.56,73.01,63.11,47.26,38.77,36.51,39.34,46.13,49.81,47.54,38.49,28.58,19.47,13.84,10.92,9.23,7.84,6.82,7.3,7.24,6.23,5.52,5.01,4.56,4.08,4.24,4.95,6.76,25.75,319.79,1018.8,1109.36,891.45,699.01,526.38,390.54,285.83,206.02,149.42,104.43,74.71,57.45,47.83,42.17,38.2,35.09,31.41,27.34,23.66,20.74,18.37,16.47,14.89,13.58,12.62,12.11,12.03,11.55,10.92,10.47,10.22,10.33,11.18,10.84,10.36,9.85,9.25,8.6,8.12,7.7,7.41,10.19,14.18,16.67,18.03,17.69,16.3,14.74,13.39,11.8,10.81,10.44,10.27,14.86,23.35,25.36,24.54,21.42,26.06,37.92,42.17,44.43,44.71,42.73,40.75,38.77,36.22,32.54,28.87,25.33,26.01,27.08,27.93,27.31,25.36,23.77,22.87,27.05,33.96,37.07,38.77,37.64,36.51,35.66,35.94,48.96,66.79,75.56,74.71,72.73,94.24,140.93,139.52,115.75,102.45,88.3,76.98,67.35,60.0,54.62,48.96,43.3,38.49,35.38,37.07,39.9,42.17
2019,43.58,42.73,40.75,38.2,39.05,39.9,38.2,35.66,33.68,31.7,29.43,26.77,24.9,26.77,28.58,29.15,28.87,28.05,27.48,27.03,26.72,25.36,24.2,27.71,41.6,50.09,52.07,48.39,41.88,36.51,32.26,28.27,24.88,22.3,20.46,19.13,17.97,17.12,16.41,15.4,14.23,13.84,16.58,18.79,19.13,18.56,18.06,20.72,23.23,25.05,25.78,27.65,28.87,29.72,35.09,38.77,40.19,39.05,35.94,32.83,32.83,34.24,39.9,48.68,50.66,49.52,44.71,39.34,35.09,31.13,27.59,24.34,21.65,19.47,17.69,16.1,14.77,13.64,12.65,13.9,17.32,18.37,18.0,16.92,16.87,19.95,21.99,22.13,20.49,18.23,16.05,15.37,22.53,25.58,25.89,32.54,38.2,40.75,39.34,34.81,29.72,25.13,25.72,33.68,43.02,48.39,42.73,31.41,23.52,32.26,40.19,40.47,37.36,31.7,27.79,24.96,20.94,16.33,12.82,10.5,8.97,7.87,6.91,6.17,5.74,5.63,5.66,5.49,5.12,4.73,4.33,4.05,3.82,3.71,3.51,3.28,3.11,2.86,2.66,2.47,2.23,2.03,1.88,1.77,1.66,1.54,1.38,1.27,1.19,1.14,1.1,1.09,1.37,1.75,1.78,1.64,1.49,1.42,1.39,1.37,1.68,2.89,3.82,3.85,4.16,4.67,5.04,4.64,3.93,3.37,2.89,2.48,2.02,1.58,1.33,1.15,1.03,0.94,0.85,0.78,0.71,0.64,0.59,0.56,0.95,1.3,0.93,1.46,1.38,1.07,0.88,0.87,1.46,2.91,4.44,5.52,5.86,6.11,6.74,6.54,5.32,4.1,3.17,2.41,1.82,1.88,1.75,1.58,1.43,1.36,1.21,1.03,0.89,0.91,1.25,4.08,5.49,8.21,15.34,17.52,14.43,13.81,13.95,12.51,9.93,6.85,4.47,4.05,6.88,7.87,8.26,7.53,7.07,6.93,6.68,9.93,13.67,14.74,12.0,8.43,6.23,4.81,3.85,3.45,4.84,5.29,5.8,16.02,61.13,116.88,192.72,244.23,226.97,170.93,112.92,82.92,63.68,47.26,33.11,22.41,15.34,11.32,9.11,7.67,6.68,5.89,5.29,4.75,4.3,3.91,3.65,3.68,4.33,4.75,4.39,3.65,3.25,3.06,2.91,2.89,2.89,2.86,2.81,2.75,2.68,2.61,2.69,3.17,3.99,4.41,4.5,4.24,4.44,5.66,6.65,7.33,7.58,7.58,7.44,6.76,5.86,5.21,4.81,4.56,4.3,4.02,3.76,3.57,3.51,4.36,4.41,4.64,5.77,6.25,6.23,5.83,5.72,5.86,7.33,14.32,19.47,22.47,22.89,21.9,20.26,18.45,16.47,15.68,15.65,14.97,14.07,12.82,11.57,10.61,11.01,16.75,20.72,21.79,20.21,17.8,15.96,14.63,14.15,13.78,13.33,12.62,12.0,15.25,19.67,22.27,22.44,21.62,20.63,20.8,21.03,19.95,18.82,20.69,22.19,22.5,21.37,19.67,18.28,17.6,18.06
